Symbol,Name,Last Sale,Net Change,% Change,Market Cap,Country,IPO Year,Volume,Sector,Industry
ABL,Abacus Life Inc. Class A Common Stock,$7.39,-0.17,-2.249%,551876103.0,United States,2020.0,197496,Finance,Investment Managers
ABNB,Airbnb Inc. Class A Common Stock,$130.80,-0.49,-0.373%,82923490512.0,United States,2020.0,3150543,Finance,Diversified Commercial Services
ABOS,Acumen Pharmaceuticals Inc. Common Stock,$1.70,-0.13,-7.104%,102135623.0,United States,2021.0,226906,Health Care,Biotechnology: Biological Products (No Diagnostic Substances)
ABP,Abpro Holdings Inc Common Stock,$1.29,-0.18,-12.245%,66459000.0,United States,2022.0,340408,Health Care,Biotechnology: Pharmaceutical Preparations
ABSI,Absci Corporation Common Stock,$3.22,0.15,4.886%,369835544.0,United States,2021.0,58911867,Health Care,Biotechnology: Commercial Physical & Biological Resarch
ACCD,Accolade Inc. Common Stock,$6.86,3.51,104.776%,552484369.0,United States,2020.0,24704934,Consumer Discretionary,Business Services
ACDC,ProFrac Holding Corp. Class A Common Stock,$7.63,-0.27,-3.418%,1221918573.0,United States,2022.0,236753,Energy,Oilfield Services/Equipment
ACHR,Archer Aviation Inc. Class A Common Stock,$10.48,-0.66,-5.925%,4456857613.0,United States,2020.0,29349049,Industrials,Aerospace
ACI,Albertsons Companies Inc. Class A Common Stock,$19.88,0.16,0.811%,11517439811.0,United States,2020.0,9816287,Consumer Staples,Food Chains
ACLX,Arcellx Inc. Common Stock,$72.26,-4.79,-6.217%,3907435654.0,United States,2022.0,864809,Health Care,Biotechnology: Biological Products (No Diagnostic Substances)
ACRV,Acrivon Therapeutics Inc. Common Stock,$6.10,-0.2,-3.175%,189931406.0,United States,2022.0,24469,Health Care,Biotechnology: Pharmaceutical Preparations
ACT,Enact Holdings Inc. Common Stock,$31.86,-0.08,-0.25%,4893353951.0,United States,2021.0,184246,Finance,Specialty Insurers
ACVA,ACV Auctions Inc. Class A Common Stock,$21.14,0.84,4.138%,3543908818.0,United States,2021.0,1420512,Consumer Discretionary,Business Services
AESI,Atlas Energy Solutions Inc. Common Stock,$21.93,-0.48,-2.142%,2417055213.0,United States,2023.0,858752,Industrials,Mining & Quarrying of Nonmetallic Minerals (No Fuels)
AEVA,Aeva Technologies Inc. Common Stock,$4.53,-0.46,-9.218%,244089089.0,United States,2020.0,789000,Consumer Discretionary,Auto Parts:O.E.M.
AFCG,Advanced Flower Capital Inc. Common Stock,$8.47,0.12,1.437%,185939174.0,United States,2021.0,244354,Finance,Real Estate
AFRM,Affirm Holdings Inc. Class A Common Stock,$58.67,-2.62,-4.275%,18425671211.0,United States,2021.0,4441192,Finance,Finance: Consumer Services
AGL,agilon health inc. Common Stock,$2.19,0.04,1.86%,902319081.0,United States,2021.0,4037665,Health Care,Misc Health and Biotechnology Services
AHR,American Healthcare REIT Inc. Common Stock,$28.33,0.68,2.459%,4336257905.0,United States,2024.0,1110203,Real Estate,Real Estate Investment Trusts
AI,C3.ai Inc. Class A Common Stock,$33.30,-2.52,-7.035%,4297875123.0,United States,2020.0,5118332,Technology,Computer Software: Prepackaged Software
AIP,Arteris Inc. Common Stock,$11.25,0.0,0.00%,451995671.0,United States,2021.0,325357,Technology,Semiconductors
AIRJ,AirJoule Technologies Corporation Class A Common Stock,$8.46,-0.4,-4.515%,472433176.0,United States,2022.0,85214,Industrials,Industrial Machinery/Components
AIRS,AirSculpt Technologies Inc. Common Stock,$6.03,-0.02,-0.331%,349030173.0,United States,2021.0,145255,Health Care,Medical/Nursing Services
AISP,Airship AI Holdings Inc. Class A Common Stock,$4.55,-0.34,-6.953%,124144543.0,United States,2021.0,2463963,Technology,Computer Software: Prepackaged Software
AKA,a.k.a. Brands Holding Corp. Common Stock,$17.43,-0.46,-2.571%,185462050.0,,2021.0,7401,Consumer Discretionary,Catalog/Specialty Distribution
AKYA,Akoya BioSciences Inc. Common Stock,$2.66,0.04,1.527%,131838607.0,United States,2021.0,84243,Industrials,Biotechnology: Laboratory Analytical Instruments
ALAB,Astera Labs Inc. Common Stock,$130.77,-2.83,-2.118%,20741541247.0,United States,2024.0,3657839,Technology,Semiconductors
ALGM,Allegro MicroSystems Inc. Common Stock,$23.68,-0.7,-2.871%,4356737663.0,United States,2020.0,2031504,Technology,Semiconductors
ALGS,Aligos Therapeutics Inc. Common Stock,$38.39,-2.53,-6.183%,137739174.0,United States,2020.0,371883,Health Care,Biotechnology: Biological Products (No Diagnostic Substances)
ALHC,Alignment Healthcare Inc. Common Stock,$11.96,0.23,1.961%,2292685272.0,United States,2021.0,996710,Health Care,Medical Specialities
ALIT,Alight Inc. Class A Common Stock,$6.64,-0.14,-2.065%,3605681923.0,United States,2021.0,5373066,Consumer Discretionary,Business Services
ALKT,Alkami Technology Inc. Common Stock,$35.92,0.55,1.555%,3609839812.0,United States,2021.0,809060,Technology,Computer Software: Prepackaged Software
ALMS,Alumis Inc. Common Stock,$7.69,-0.36,-4.472%,418392345.0,United States,2024.0,73387,Health Care,Biotechnology: Pharmaceutical Preparations
ALTI,AlTi Global Inc. Class A Common Stock,$4.19,-0.05,-1.179%,585870337.0,United States,2021.0,113731,Finance,Investment Managers
ALVR,AlloVir Inc. Common Stock,$0.4498,-0.0267,-5.603%,51968340.0,United States,2020.0,197711,Health Care,Biotechnology: Biological Products (No Diagnostic Substances)
ALXO,ALX Oncology Holdings Inc. Common Stock,$1.85,-0.01,-0.538%,97574742.0,United States,2020.0,991142,Health Care,Biotechnology: Pharmaceutical Preparations
AMLX,Amylyx Pharmaceuticals Inc. Common Stock,$3.77,-0.07,-1.823%,258425432.0,United States,2022.0,289219,Health Care,Biotechnology: Pharmaceutical Preparations
AMPS,Altus Power Inc. Class A Common Stock,$4.09,-0.31,-7.045%,657657591.0,United States,2021.0,946482,Utilities,Electric Utilities: Central
AMPX,Amprius Technologies Inc. Common Stock,$3.03,-0.51,-14.407%,320691531.0,United States,2022.0,4554201,Miscellaneous,Industrial Machinery/Components
AMTM,Amentum Holdings Inc. Common Stock,$21.49,-0.61,-2.76%,5228565503.0,United States,2024.0,3515158,,
AMWL,American Well Corporation Class A Common Stock,$7.29,-0.11,-1.486%,111681553.0,United States,2020.0,79342,Consumer Discretionary,Business Services
ANNX,Annexon Inc. Common Stock,$4.84,-0.21,-4.158%,515912564.0,United States,2020.0,678071,Health Care,Biotechnology: Pharmaceutical Preparations
ANRO,Alto Neuroscience Inc. Common Stock,$4.41,-0.11,-2.434%,118938441.0,United States,2024.0,207801,Health Care,Biotechnology: Pharmaceutical Preparations
ANVS,Annovis Bio Inc. Common Stock,$5.16,0.11,2.178%,71193769.0,United States,2020.0,537462,Health Care,Biotechnology: Pharmaceutical Preparations
AOMR,Angel Oak Mortgage REIT Inc. Common Stock,$9.79,0.06,0.617%,230175353.0,United States,2021.0,69856,Finance,Real Estate
APG,APi Group Corporation Common Stock,$36.36,-0.63,-1.703%,9990846997.0,United States,2020.0,1238141,Consumer Discretionary,Engineering & Construction
APGE,Apogee Therapeutics Inc. Common Stock,$49.21,-0.36,-0.726%,2879434474.0,United States,2023.0,430376,Health Care,Biotechnology: Biological Products (No Diagnostic Substances)
APLD,Applied Digital Corporation Common Stock,$8.705,-0.715,-7.59%,1874701183.0,United States,2022.0,13735772,Finance,Finance: Consumer Services
APP,Applovin Corporation Class A Common Stock,$329.20,-0.805,-0.244%,110476821877.0,United States,2021.0,3916060,Technology,Computer Software: Programming Data Processing
ARDT,Ardent Health Partners Inc. Common Stock,$16.43,0.07,0.428%,2345100150.0,,2024.0,97685,Health Care,Hospital/Nursing Management
AREN,The Arena Group Holdings Inc. Common Stock,$1.29,-0.07,-5.147%,61230816.0,United States,2022.0,99144,Technology,EDP Services
ARHS,Arhaus Inc. Class A Common Stock,$9.46,0.0,0.00%,1329411019.0,United States,2021.0,1109104,Consumer Discretionary,Other Specialty Stores
ARIS,Aris Water Solutions Inc. Class A Common Stock,$23.34,-0.33,-1.394%,1359004153.0,United States,2021.0,927917,Energy,Oilfield Services/Equipment
ARQT,Arcutis Biotherapeutics Inc. Common Stock,$15.27,-0.49,-3.109%,1787270905.0,United States,2020.0,1858321,Health Care,Biotechnology: Pharmaceutical Preparations
ARRY,Array Technologies Inc. Common Stock,$6.53,-0.4,-5.772%,992187666.0,United States,2020.0,4930629,Consumer Discretionary,Miscellaneous manufacturing industries
ARTV,Artiva Biotherapeutics Inc. Common Stock,$10.26,-0.32,-3.025%,249208505.0,United States,2024.0,62378,Health Care,Biotechnology: Biological Products (No Diagnostic Substances)
ASAN,Asana Inc. Class A Common Stock,$19.65,-0.7,-3.44%,4494410900.0,United States,2020.0,2945241,Technology,Computer Software: Prepackaged Software
ASO,Academy Sports and Outdoors Inc. Common Stock,$58.86,1.29,2.241%,4084713129.0,United States,2020.0,1816575,Consumer Discretionary,Other Specialty Stores
ASPI,ASP Isotopes Inc. Common Stock,$4.73,0.005,0.106%,337675206.0,United States,2022.0,1387765,Industrials,Major Chemicals
ATLN,Atlantic International Corp. Common Stock,$6.03,0.18,3.077%,302384830.0,United States,2024.0,7094,Industrials,Biotechnology: Laboratory Analytical Instruments
ATMU,Atmus Filtration Technologies Inc. Common Stock,$39.40,-0.03,-0.076%,3273984488.0,United States,2023.0,499314,Consumer Discretionary,Auto Parts:O.E.M.
AUR,Aurora Innovation Inc. Class A Common Stock,$8.055,-0.335,-3.993%,13841912449.0,United States,2021.0,22614937,Technology,EDP Services
AURA,Aura Biosciences Inc. Common Stock,$7.90,-0.18,-2.228%,394616581.0,United States,2021.0,188439,Health Care,Biotechnology: Biological Products (No Diagnostic Substances)
AVAH,Aveanna Healthcare Holdings Inc. Common Stock,$4.67,0.22,4.944%,902361577.0,United States,2021.0,209572,Health Care,Medical/Nursing Services
AVBP,ArriVent BioPharma Inc. Common Stock,$26.86,0.02,0.075%,905105744.0,United States,2024.0,135882,Health Care,Biotechnology: Pharmaceutical Preparations
AVDX,AvidXchange Holdings Inc. Common Stock,$9.80,-0.32,-3.162%,2016114496.0,United States,2021.0,5174371,Technology,Computer Software: Prepackaged Software
AVIR,Atea Pharmaceuticals Inc. Common Stock,$3.34,-0.02,-0.595%,282106617.0,United States,2020.0,356810,Health Care,Biotechnology: Pharmaceutical Preparations
AVO,Mission Produce Inc. Common Stock,$12.48,-0.33,-2.576%,885016292.0,United States,2020.0,368868,Consumer Staples,Farming/Seeds/Milling
AVR,Anteris Technologies Global Corp. Common Stock,$5.63,-0.12,-2.087%,202341164.0,United States,2024.0,155487,Health Care,Industrial Specialties
AVTE,Aerovate Therapeutics Inc. Common Stock,$2.64,-0.04,-1.493%,76228714.0,United States,2021.0,124365,Health Care,Biotechnology: Pharmaceutical Preparations
AZEK,The AZEK Company Inc. Class A Common Stock,$46.23,-0.31,-0.666%,6611611835.0,United States,2020.0,1622771,Industrials,Plastic Products
BARK,BARK Inc. Class A Common Stock,$2.26,0.01,0.444%,393136420.0,United States,2020.0,2275192,Consumer Discretionary,Other Specialty Stores
BASE,Couchbase Inc. Common Stock,$16.00,0.17,1.074%,837567264.0,United States,2021.0,418090,Technology,Computer Software: Prepackaged Software
BBAI,BigBear.ai Inc. Common Stock,$3.32,-0.64,-16.162%,831945178.0,United States,2021.0,47040795,Technology,Computer Software: Prepackaged Software
BCAX,Bicara Therapeutics Inc. Common Stock,$15.25,-0.5,-3.175%,829838190.0,United States,2024.0,220821,Health Care,Biotechnology: Pharmaceutical Preparations
BDSX,Biodesix Inc. Common Stock,$1.48,-0.01,-0.671%,215291597.0,United States,2020.0,400985,Health Care,Medical Specialities
BDTX,Black Diamond Therapeutics Inc. Common Stock,$2.03,-0.09,-4.245%,114867678.0,United States,2020.0,361699,Health Care,Biotechnology: Biological Products (No Diagnostic Substances)
BEAM,Beam Therapeutics Inc. Common Stock,$26.80,-0.28,-1.034%,2219190804.0,United States,2020.0,1309841,Health Care,Biotechnology: Biological Products (No Diagnostic Substances)
BEAT,Heartbeam Inc. Common Stock,$2.13,-0.03,-1.389%,56797451.0,United States,2021.0,27530,Health Care,Medical/Dental Instruments
BEEP,Mobile Infrastructure Corporation Common Stock,$4.06,-0.14,-3.333%,170114000.0,,2023.0,30109,Finance,Blank Checks
BETR,Better Home & Finance Holding Company Class A Common Stock,$9.17,-0.27,-2.86%,138929168.0,United Kingdom,2021.0,114398,Finance,Finance: Consumer Services
BFLY,Butterfly Network Inc. Class A Common Stock,$4.00,-0.04,-0.99%,852248188.0,United States,2020.0,4233770,Health Care,Medical Electronics
BHM,Bluerock Homes Trust Inc. Class A Common Stock,$13.41,0.0,0.00%,53135891.0,,2022.0,152,Real Estate,Real Estate Investment Trusts
BIGC,BigCommerce Holdings Inc. Series 1 Common Stock,$6.19,-0.2,-3.13%,485172076.0,United States,2020.0,714994,Technology,Computer Software: Prepackaged Software
BIOA,BioAge Labs Inc. Common Stock,$5.09,-0.27,-5.037%,182470076.0,United States,2024.0,275959,Health Care,Biotechnology: Pharmaceutical Preparations
BIRD,Allbirds Inc. Class A Common Stock,$6.98,-0.21,-2.921%,55367943.0,United States,2021.0,34763,Consumer Discretionary,Apparel
BKV,BKV Corporation Common Stock,$23.92,0.5,2.135%,2023639200.0,,2024.0,473401,Energy,Oil & Gas Production
BLFY,Blue Foundry Bancorp Common Stock,$9.25,0.19,2.097%,210865535.0,United States,2021.0,40319,Finance,Banks
BLND,Blend Labs Inc. Class A Common Stock,$3.75,0.02,0.536%,959737755.0,United States,2021.0,2926865,Technology,Computer Software: Programming Data Processing
BLZE,Backblaze Inc. Class A Common Stock,$6.39,-0.04,-0.622%,283716000.0,United States,2021.0,149872,Technology,Computer Software: Prepackaged Software
BMBL,Bumble Inc. Class A Common Stock,$7.56,-0.5,-6.203%,817858831.0,United States,2021.0,3399640,Technology,Computer Software: Programming Data Processing
BMEA,Biomea Fusion Inc. Common Stock,$4.27,0.26,6.484%,154739193.0,United States,2021.0,1173935,Health Care,Biotechnology: Pharmaceutical Preparations
BNL,Broadstone Net Lease Inc. Common Stock,$15.56,-0.03,-0.192%,2933795428.0,United States,2020.0,986839,Real Estate,Real Estate Investment Trusts
BOC,Boston Omaha Corporation Class A Common Stock,$13.66,-0.04,-0.292%,428567023.0,United States,2022.0,125161,Finance,Real Estate
BOLD,Boundless Bio Inc. Common Stock,$2.50,-0.12,-4.58%,55750108.0,United States,2024.0,31900,Health Care,Biotechnology: Pharmaceutical Preparations
BOW,Bowhead Specialty Holdings Inc. Common Stock,$31.83,-0.37,-1.149%,1039530336.0,,2024.0,76403,Finance,Property-Casualty Insurers
BRBR,BellRing Brands Inc. Common Stock ,$72.48,-0.09,-0.124%,9334148207.0,United States,2022.0,1096466,Consumer Staples,Packaged Foods
BRCC,BRC Inc. Class A Common Stock,$3.17,0.06,1.929%,674394888.0,United States,2022.0,676862,Consumer Staples,Beverages (Production/Distribution)
BRDG,Bridge Investment Group Holdings Inc. Class A Common Stock,$7.60,0.04,0.529%,920239593.0,United States,2021.0,393997,Finance,Investment Managers
BRLT,Brilliant Earth Group Inc. Class A Common Stock,$1.85,-0.08,-4.145%,182320456.0,United States,2021.0,66548,Consumer Discretionary,Consumer Specialties
BROS,Dutch Bros Inc. Class A Common Stock,$56.20,-1.33,-2.312%,8665585398.0,United States,2021.0,2125249,Consumer Discretionary,Restaurants
BRZE,Braze Inc. Class A Common Stock,$44.15,-0.45,-1.009%,4568858512.0,United States,2021.0,906649,Technology,Computer Software: Prepackaged Software
BSBK,Bogota Financial Corp. Common Stock,$7.87,0.2046,2.669%,102899683.0,United States,2020.0,8554,Finance,Banks
BSY,Bentley Systems Incorporated Class B Common Stock,$46.74,0.32,0.689%,14127161448.0,United States,2020.0,772722,Technology,Computer Software: Prepackaged Software
BTM,Bitcoin Depot Inc. Class A Common Stock,$1.57,-0.03,-1.875%,94813608.0,United States,2022.0,250816,Finance,Finance: Consumer Services
BTOC,Armlogi Holding Corp. Common Stock,$4.03,-0.39,-8.824%,167785020.0,United States,2024.0,209778,Consumer Discretionary,Office Equipment/Supplies/Services
BTSG,BrightSpring Health Services Inc. Common Stock,$17.32,-0.02,-0.115%,3015869716.0,United States,2024.0,1766131,Health Care,Medical/Nursing Services
BVFL,BV Financial Inc. Common Stock,$17.02,-0.08,-0.468%,197397705.0,United States,2023.0,42579,Finance,Savings Institutions
BVS,Bioventus Inc. Class A Common Stock,$9.58,0.03,0.314%,777460752.0,United States,2021.0,443979,Health Care,Medical/Dental Instruments
BWMN,Bowman Consulting Group Ltd. Common Stock,$24.69,-0.265,-1.062%,432811280.0,United States,2021.0,45750,Consumer Discretionary,Professional Services
BZFD,BuzzFeed Inc. Class A Common Stock,$2.72,-0.13,-4.561%,103362723.0,United States,2021.0,494763,Consumer Discretionary,Telecommunications Equipment
CADL,Candel Therapeutics Inc. Common Stock,$8.73,0.38,4.551%,283511438.0,United States,2021.0,1247436,Health Care,Biotechnology: Biological Products (No Diagnostic Substances)
CARR,Carrier Global Corporation Common Stock ,$68.45,0.24,0.352%,61415212860.0,United States,2020.0,3756963,Industrials,Industrial Machinery/Components
CART,Maplebear Inc. Common Stock,$44.82,1.91,4.451%,11514023860.0,United States,2023.0,8157336,Consumer Discretionary,Business Services
CAVA,CAVA Group Inc. Common Stock,$114.59,1.77,1.569%,13129689427.0,United States,2023.0,1931174,Consumer Discretionary,Restaurants
CBL,CBL & Associates Properties Inc. Common Stock,$29.48,-0.39,-1.306%,906488539.0,United States,2021.0,179725,Real Estate,Real Estate Investment Trusts
CBLL,CeriBell Inc. Common Stock,$23.02,-0.42,-1.792%,824674097.0,United States,2024.0,95205,Health Care,Biotechnology: Electromedical & Electrotherapeutic Apparatus
CBNA,Chain Bridge Bancorp Inc. Class A Common Stock,$23.75,-0.19,-0.794%,155843154.0,,2024.0,26599,Finance,Major Banks
CCCC,C4 Therapeutics Inc. Common Stock,$3.84,-0.02,-0.518%,271061603.0,United States,2020.0,436488,Health Care,Biotechnology: Biological Products (No Diagnostic Substances)
CCEL,Cryo-Cell International Inc. Common Stock,$7.40,-0.35,-4.516%,59659977.0,United States,2022.0,5214,Health Care,Misc Health and Biotechnology Services
CDRE,Cadre Holdings Inc. Common Stock,$32.34,0.17,0.528%,1313262332.0,United States,2021.0,196818,Health Care,Industrial Specialties
CERO,CERo Therapeutics Holdings Inc. Common Stock,$3.70,-1.53,-29.254%,556156516.0,United States,2021.0,971488,Health Care,Biotechnology: Biological Products (No Diagnostic Substances)
CERT,Certara Inc. Common Stock,$11.02,-0.21,-1.87%,1773942439.0,United States,2020.0,716592,Technology,Computer Software: Prepackaged Software
CFLT,Confluent Inc. Class A Common Stock,$28.66,-0.14,-0.486%,9400333863.0,United States,2021.0,2917225,Technology,Computer Software: Prepackaged Software
CGEM,Cullinan Therapeutics Inc. Common Stock,$11.13,-0.43,-3.72%,648073110.0,United States,2021.0,349210,Health Care,Biotechnology: Biological Products (No Diagnostic Substances)
CIFR,Cipher Mining Inc. Common Stock,$5.05,-0.34,-6.308%,1756420921.0,United States,2020.0,5816521,Finance,Finance: Consumer Services
CION,CION Investment Corporation Common Stock,$11.07,-0.03,-0.27%,589875389.0,United States,2021.0,324080,Finance,Finance/Investors Services
CLB,Core Laboratories Inc. Common Stock,$18.20,-0.31,-1.675%,854492275.0,Netherlands,2023.0,160227,Energy,Oilfield Services/Equipment
CLST,Catalyst Bancorp Inc. Common Stock,$11.70,0.0,0.00%,50806396.0,United States,2021.0,253,Finance,Savings Institutions
CLYM,Climb Bio Inc. Common Stock,$1.87,-0.22,-10.526%,125708431.0,United States,2021.0,129456,Health Care,Biotechnology: Pharmaceutical Preparations
CMPO,CompoSecure Inc. Class A Common Stock,$14.66,-0.04,-0.272%,1292000577.0,United States,2020.0,520144,Finance,Finance: Consumer Services
CMTG,Claros Mortgage Trust Inc. Common Stock,$3.88,-0.12,-3.00%,540727109.0,United States,2021.0,495754,Finance,Real Estate
CNM,Core & Main Inc. Class A Common Stock,$51.18,0.32,0.629%,10168091459.0,United States,2021.0,1161363,Consumer Discretionary,Durable Goods
CNTX,Context Therapeutics Inc. Common Stock,$1.21,0.12,11.009%,90747958.0,United States,2021.0,751955,Health Care,Biotechnology: Pharmaceutical Preparations
COCO,The Vita Coco Company Inc. Common Stock,$33.98,-0.03,-0.088%,1927751287.0,United States,2021.0,605717,Consumer Staples,Beverages (Production/Distribution)
COMP,Compass Inc. Class A Common Stock,$5.59,0.0,0.00%,2852617198.0,United States,2021.0,4507962,Technology,EDP Services
CON,Concentra Group Holdings Parent Inc. Common Stock,$19.74,-0.19,-0.953%,2513760749.0,United States,2024.0,480747,Health Care,Medical Specialities
COOK,Traeger Inc. Common Stock,$2.31,-0.04,-1.702%,301690290.0,United States,2021.0,90738,Consumer Discretionary,Consumer Electronics/Appliances
COUR,Coursera Inc. Common Stock,$8.56,-0.03,-0.349%,1355902408.0,United States,2021.0,800636,Technology,Computer Software: Prepackaged Software
COYA,Coya Therapeutics Inc. Common Stock,$6.07,-0.1,-1.621%,101414167.0,United States,2022.0,93076,Health Care,Biotechnology: Pharmaceutical Preparations
CPBI,Central Plains Bancshares Inc. Common Stock,$14.875,-0.125,-0.833%,61445873.0,United States,2023.0,2874,Finance,Savings Institutions
CPNG,Coupang Inc. Class A Common Stock,$22.28,-0.47,-2.066%,40078589526.0,United States,2021.0,4852402,Consumer Discretionary,Catalog/Specialty Distribution
CR,Crane Company Common Stock,$153.66,1.26,0.827%,8794280030.0,United States,2023.0,178262,Industrials,Metal Fabrications
CRBG,Corebridge Financial Inc. Common Stock,$31.35,0.07,0.224%,17834078168.0,United States,2022.0,2498582,Finance,Life Insurance
CRBU,Caribou Biosciences Inc. Common Stock,$1.72,-0.15,-8.021%,155750622.0,United States,2021.0,1456073,Health Care,Biotechnology: Biological Products (No Diagnostic Substances)
CRC,California Resources Corporation Common Stock,$52.63,0.14,0.267%,4826453097.0,United States,2020.0,662997,Energy,Oil & Gas Production
CRCT,Cricut Inc. Class A Common Stock,$5.62,-0.22,-3.767%,1205194253.0,United States,2021.0,246437,Technology,Industrial Machinery/Components
CRGX,CARGO Therapeutics Inc. Common Stock,$14.20,-0.59,-3.989%,653593723.0,United States,2023.0,166587,,
CRGY,Crescent Energy Company Class A Common Stock,$15.73,0.01,0.064%,3591062245.0,United States,2021.0,1997341,Energy,Oil & Gas Production
CRSR,Corsair Gaming Inc. Common Stock,$7.54,-0.14,-1.823%,789440775.0,United States,2020.0,467086,Technology,Computer peripheral equipment
CTGO,Contango ORE Inc. Common Stock,$10.23,-0.18,-1.729%,125097340.0,United States,2021.0,44806,Basic Materials,Precious Metals
CTKB,Cytek Biosciences Inc. Common Stock,$6.83,-0.06,-0.871%,879776494.0,United States,2021.0,540034,Industrials,Biotechnology: Laboratory Analytical Instruments
CTM,Castellum Inc. Common Stock,$1.14,-0.06,-5.00%,63965318.0,,2022.0,10398937,Consumer Discretionary,Professional Services
CTNM,Contineum Therapeutics Inc. Class A Common Stock,$13.37,-0.4,-2.905%,344649092.0,United States,2024.0,198393,Health Care,Biotechnology: Pharmaceutical Preparations
CTOR,Citius Oncology Inc. Common Stock,$1.18,-0.18,-13.235%,84431834.0,United States,2022.0,198697,Health Care,Biotechnology: Pharmaceutical Preparations
CTRE,CareTrust REIT Inc. Common Stock,$26.92,0.5,1.893%,4615439222.0,United States,2022.0,1780657,Real Estate,Real Estate Investment Trusts
CTRI,Centuri Holdings Inc. Common Stock,$19.74,-0.32,-1.595%,1747335865.0,,2024.0,234251,Utilities,Oil & Gas Production
CTV,Innovid Corp. Common Stock,$3.03,0.0,0.00%,449874487.0,,2021.0,1022349,Technology,Computer Software: Prepackaged Software
CURB,Curbline Properties Corp. Common Stock,$23.00,0.1,0.437%,2415956662.0,United States,2024.0,482635,Finance,Real Estate
CURI,CuriosityStream Inc. Class A Common Stock,$1.82,0.27,17.419%,100972126.0,United States,2020.0,1354829,Consumer Discretionary,Movies/Entertainment
CURV,Torrid Holdings Inc. Common Stock,$5.86,0.19,3.351%,613873512.0,,2021.0,176951,Consumer Discretionary,Clothing/Shoe/Accessory Stores
CVRX,CVRx Inc. Common Stock,$14.17,-0.02,-0.141%,343816105.0,United States,2021.0,107090,Health Care,Medical/Dental Instruments
CVU,CPI Aerostructures Inc. Common Stock,$4.54,-0.08,-1.732%,59023042.0,United States,2022.0,71646,Industrials,Military/Government/Technical
CWAN,Clearwater Analytics Holdings Inc. Class A Common Stock,$27.26,0.4,1.489%,6733883263.0,United States,2021.0,2068517,Technology,Computer Software: Prepackaged Software
CXM,Sprinklr Inc. Class A Common Stock,$8.58,0.2,2.387%,2182604501.0,United States,2021.0,1397128,Technology,Computer Software: Prepackaged Software
DAWN,Day One Biopharmaceuticals Inc. Common Stock,$12.20,-0.2,-1.613%,1230324787.0,United States,2021.0,671271,Health Care,Biotechnology: Pharmaceutical Preparations
DC,Dakota Gold Corp. Common Stock,$2.30,-0.02,-0.862%,217190044.0,United States,2022.0,188598,Basic Materials,Metal Mining
DCGO,DocGo Inc. Common Stock,$4.25,0.03,0.711%,433714668.0,United States,2020.0,321413,Health Care,Medical/Nursing Services
DERM,Journey Medical Corporation Common Stock,$4.00,-0.11,-2.676%,83559744.0,United States,2021.0,96262,Health Care,Biotechnology: Pharmaceutical Preparations
DFH,Dream Finders Homes Inc. Class A Common Stock,$22.27,-0.37,-1.634%,2081715709.0,United States,2022.0,655005,Consumer Discretionary,Homebuilding
DH,Definitive Healthcare Corp. Class A Common Stock,$4.23,-0.02,-0.471%,488661567.0,United States,2021.0,242231,Technology,Computer Software: Prepackaged Software
DHAI,DIH Holdings US Inc. Class A Common Stock,$1.70,-0.09,-5.028%,68926390.0,United States,2024.0,421453,Health Care,Medical/Dental Instruments
DIBS,1stdibs.com Inc. Common Stock,$3.49,-0.07,-1.966%,127430510.0,United States,2021.0,79643,Consumer Discretionary,Catalog/Specialty Distribution
DJT,Trump Media & Technology Group Corp. Common Stock,$34.54,-0.68,-1.931%,7492570434.0,United States,2024.0,5446967,Technology,Computer Software: Programming Data Processing
DNA,Ginkgo Bioworks Holdings Inc. Class A Common Stock,$11.11,-0.09,-0.804%,638590635.0,United States,2021.0,1420423,Health Care,Biotechnology: Biological Products (No Diagnostic Substances)
DNB,Dun & Bradstreet Holdings Inc. Common Stock,$11.63,-0.25,-2.104%,5134940867.0,United States,2020.0,2852585,Finance,Finance: Consumer Services
DNUT,Krispy Kreme Inc. Common Stock,$9.32,-0.38,-3.918%,1584400000.0,United States,2021.0,1646760,Consumer Staples,Food Chains
DOCN,DigitalOcean Holdings Inc. Common Stock,$34.48,-0.45,-1.288%,3181893221.0,United States,2021.0,713903,Technology,Computer Software: Programming Data Processing
DOCS,Doximity Inc. Class A Common Stock,$55.00,-0.48,-0.865%,10268046855.0,United States,2021.0,1323764,Technology,EDP Services
DOUG,Douglas Elliman Inc. Common Stock,$1.58,-0.03,-1.863%,140883846.0,United States,2021.0,1224347,Finance,Real Estate
DRVN,Driven Brands Holdings Inc. Common Stock,$15.50,0.01,0.065%,2543768535.0,United States,2021.0,528292,Consumer Discretionary,Automotive Aftermarket
DSGN,Design Therapeutics Inc. Common Stock,$5.075,-0.845,-14.274%,287351763.0,United States,2021.0,281415,Health Care,Biotechnology: Pharmaceutical Preparations
DSP,Viant Technology Inc. Class A Common Stock,$18.15,-0.12,-0.657%,1140760587.0,United States,2021.0,218195,Technology,Computer Software: Programming Data Processing
DTC,Solo Brands Inc. Class A Common Stock,$1.08,-0.03,-2.703%,99005339.0,United States,2021.0,236745,Consumer Discretionary,Recreational Games/Products/Toys
DTI,Drilling Tools International Corporation Common Stock,$3.33,-0.12,-3.478%,115566638.0,United States,2021.0,20033,Industrials,Metal Fabrications
DTM,DT Midstream Inc. Common Stock ,$105.76,2.27,2.193%,10275233789.0,United States,2021.0,858276,Utilities,Natural Gas Distribution
DUOL,Duolingo Inc. Class A Common Stock,$323.14,2.79,0.871%,14213170072.0,United States,2021.0,425555,Technology,Computer Software: Prepackaged Software
DV,DoubleVerify Holdings Inc. Common Stock,$19.96,0.74,3.85%,3376533580.0,United States,2021.0,4049110,Technology,Computer Software: Programming Data Processing
DYN,Dyne Therapeutics Inc. Common Stock,$23.05,-0.8,-3.354%,2345705332.0,United States,2020.0,1075536,Health Care,Biotechnology: Pharmaceutical Preparations
EBC,Eastern Bankshares Inc. Common Stock,$17.15,0.05,0.292%,3681477636.0,United States,2020.0,600534,Finance,Savings Institutions
ECBK,ECB Bancorp Inc. Common Stock,$13.63,-0.75,-5.216%,124271811.0,United States,2022.0,5682,Finance,Banks
ECG,Everus Construction Group Inc. Common Stock,$66.66,-2.46,-3.559%,3397797453.0,United States,2024.0,391577,Consumer Discretionary,Homebuilding
EDR,Endeavor Group Holdings Inc. Class A Common Stock,$30.34,-0.31,-1.011%,20757429843.0,United States,2021.0,637295,Consumer Discretionary,Services-Misc. Amusement & Recreation
EE,Excelerate Energy Inc. Class A Common Stock,$29.48,-0.12,-0.405%,3133266824.0,United States,2022.0,238625,Utilities,Oil/Gas Transmission
EHAB,Enhabit Inc. Common Stock,$7.80,0.09,1.167%,392216136.0,United States,2022.0,254468,Health Care,Medical/Nursing Services
ELTX,Elicio Therapeutics Inc. Common Stock,$5.67,-0.36,-5.97%,61186818.0,United States,2021.0,88197,Health Care,Biotechnology: Pharmaceutical Preparations
ELUT,Elutia Inc. Class A Common Stock,$3.40,0.0,0.00%,117511133.0,United States,2020.0,7617,Health Care,Biotechnology: Biological Products (No Diagnostic Substances)
ELVN,Enliven Therapeutics Inc. Common Stock,$24.15,0.29,1.215%,1179948859.0,United States,2020.0,137662,Health Care,Biotechnology: Pharmaceutical Preparations
ENFN,Enfusion Inc. Class A Common Stock,$10.29,0.13,1.28%,1322993923.0,United States,2021.0,548565,Technology,Computer Software: Prepackaged Software
ENVX,Enovix Corporation Common Stock,$12.23,-2.1,-14.655%,2176661205.0,United States,2021.0,15147832,Miscellaneous,Industrial Machinery/Components
EP,Empire Petroleum Corporation Common Stock,$7.40,-0.24,-3.141%,248877777.0,United States,2022.0,16046,Energy,Oil & Gas Production
ERAS,Erasca Inc. Common Stock,$2.75,0.0,0.00%,777500026.0,United States,2021.0,582313,Health Care,Biotechnology: Pharmaceutical Preparations
ESAB,ESAB Corporation Common Stock,$117.62,0.44,0.375%,7109909639.0,United States,2022.0,316945,Industrials,Industrial Machinery/Components
ETWO,E2open Parent Holdings Inc.Class A Common Stock,$2.71,-0.02,-0.733%,837454062.0,United States,2020.0,1475193,Technology,EDP Services
EVCM,EverCommerce Inc. Common Stock,$10.50,0.03,0.287%,1926581874.0,United States,2021.0,87816,Technology,Computer Software: Prepackaged Software
EVEX,Eve Holding Inc. Common Stock,$5.48,-0.22,-3.86%,1631090753.0,,2022.0,377109,Industrials,Aerospace
EVLV,Evolv Technologies Holdings Inc. Class A Common Stock,$3.25,-0.26,-7.407%,512037617.0,United States,2020.0,1996007,Technology,Computer peripheral equipment
EWCZ,European Wax Center Inc. Class A Common Stock,$6.41,0.06,0.945%,365004329.0,United States,2021.0,382263,Consumer Discretionary,Other Consumer Services
EWTX,Edgewise Therapeutics Inc. Common Stock,$25.42,0.02,0.079%,2406982102.0,United States,2021.0,695013,Health Care,Biotechnology: Pharmaceutical Preparations
EXFY,Expensify Inc. Class A Common Stock,$3.44,-0.03,-0.865%,306032297.0,United States,2021.0,339903,Technology,Computer Software: Prepackaged Software
FA,First Advantage Corporation Common Stock,$17.46,-0.45,-2.513%,3014512423.0,United States,2021.0,869277,Consumer Discretionary,Business Services
FBLA,FB Bancorp Inc. Common Stock,$11.46,-0.27,-2.302%,227337750.0,United States,2024.0,178390,Finance,Banks
FBRT,Franklin BSP Realty Trust Inc. Common Stock,$12.33,-0.11,-0.884%,1009101219.0,United States,2021.0,271481,Real Estate,Real Estate Investment Trusts
FDMT,4D Molecular Therapeutics Inc. Common Stock,$5.84,-0.52,-8.176%,269969821.0,United States,2020.0,570370,Health Care,Biotechnology: Biological Products (No Diagnostic Substances)
FDSB,Fifth District Bancorp Inc. Common Stock,$12.57,0.01,0.08%,69882576.0,United States,2024.0,12112,Finance,Savings Institutions
FERG,Ferguson Enterprises Inc. Common Stock,$172.02,-0.19,-0.11%,34644665785.0,United Kingdom,2021.0,1627983,Miscellaneous,Miscellaneous
FFIE,Faraday Future Intelligent Electric Inc. Class A Common Stock,$2.08,-0.07,-3.256%,94290602.0,United States,2020.0,17426933,Consumer Discretionary,Auto Manufacturing
FG,F&G Annuities & Life Inc. Common Stock,$41.44,-0.87,-2.056%,5225317168.0,United States,2022.0,59991,Finance,Life Insurance
FHTX,Foghorn Therapeutics Inc. Common Stock,$4.65,-0.04,-0.853%,258508059.0,United States,2020.0,90366,Health Care,Biotechnology: Pharmaceutical Preparations
FIGS,FIGS Inc. Class A Common Stock,$6.08,0.14,2.357%,1032446490.0,United States,2021.0,3024798,Consumer Discretionary,Apparel
FINW,FinWise Bancorp Common Stock,$16.61,0.41,2.531%,219437368.0,United States,2021.0,5333,Finance,Major Banks
FLNC,Fluence Energy Inc. Class A Common Stock,$17.09,-0.57,-3.228%,3095348901.0,United States,2021.0,1811091,Miscellaneous,Industrial Machinery/Components
FLYW,Flywire Corporation Voting Common Stock,$18.72,-0.54,-2.804%,2329087681.0,United States,2021.0,1225818,Consumer Discretionary,Business Services
FLYX,flyExclusive Inc. Class A Common Stock,$3.18,-0.01,-0.313%,248452083.0,,2023.0,11210,Consumer Discretionary,Transportation Services
FNA,Paragon 28 Inc. Common Stock,$10.35,-0.38,-3.541%,866505581.0,United States,2021.0,432316,Health Care,Medical/Dental Instruments
FOA,Finance of America Companies Inc. Class A Common Stock,$29.40,-2.14,-6.785%,291836954.0,United States,2021.0,196639,Finance,Finance: Consumer Services
FOUR,Shift4 Payments Inc. Class A Common Stock,$106.51,0.6,0.567%,9596739203.0,United States,2020.0,625601,Consumer Discretionary,Business Services
FREY,FREYR Battery Inc. Common Stock,$2.60,-0.16,-5.797%,365275056.0,Luxembourg,2021.0,2301495,Miscellaneous,Industrial Machinery/Components
FRGE,Forge Global Holdings Inc. Common Stock,$0.7575,-0.0726,-8.746%,140147669.0,United States,2021.0,938430,Finance,Investment Bankers/Brokers/Service
FRSH,Freshworks Inc. Class A Common Stock,$16.15,0.02,0.124%,4891100110.0,United States,2021.0,2465254,Technology,Computer Software: Prepackaged Software
FSBC,Five Star Bancorp Common Stock,$29.66,-0.11,-0.369%,632324002.0,United States,2021.0,22614,Finance,Major Banks
FSCO,FS Credit Opportunities Corp. Common Stock,$6.78,-0.09,-1.31%,1344853002.0,United States,2022.0,962726,Finance,Trusts Except Educational Religious and Charitable
FTCI,FTC Solar Inc. Common Stock,$4.84,-0.61,-11.193%,61839315.0,United States,2021.0,238777,Technology,Semiconductors
FTHY,First Trust High Yield Opportunities 2027 Term Fund Common Stock,$14.46,0.02,0.139%,531737421.0,United States,2020.0,66387,Finance,Investment Managers
FUBO,fuboTV Inc. Common Stock,$5.35,-0.11,-2.015%,1787395571.0,United States,2020.0,173428562,Consumer Discretionary,Movies/Entertainment
FVR,FrontView REIT Inc. Common Stock,$16.99,-0.05,-0.293%,272997970.0,United States,2024.0,639305,Real Estate,Real Estate Investment Trusts
FWRG,First Watch Restaurant Group Inc. Common Stock,$19.38,-0.33,-1.674%,1173843112.0,United States,2021.0,331058,Consumer Discretionary,Restaurants
GANX,Gain Therapeutics Inc. Common Stock,$2.44,0.17,7.489%,64721166.0,United States,2021.0,261954,Health Care,Biotechnology: Pharmaceutical Preparations
GATO,Gatos Silver Inc. Common Stock,$14.96,-0.12,-0.796%,1037874639.0,United States,2020.0,317299,Basic Materials,Precious Metals
GBIO,Generation Bio Co. Common Stock,$0.9101,-0.1299,-12.49%,60788147.0,United States,2020.0,873428,Health Care,Biotechnology: Pharmaceutical Preparations
GBTG,Global Business Travel Group Inc. Class A Common Stock,$8.90,0.03,0.338%,4187470363.0,United States,2020.0,739468,Consumer Discretionary,Transportation Services
GCTS,GCT Semiconductor Holding Inc. Common Stock,$2.58,-0.09,-3.371%,123161006.0,United States,2021.0,109685,Technology,Semiconductors
GDRX,GoodRx Holdings Inc. Class A Common Stock,$4.28,-0.13,-2.948%,1631288599.0,United States,2020.0,707792,Technology,EDP Services
GENK,GEN Restaurant Group Inc. Class A Common Stock,$7.57,0.11,1.475%,248295818.0,United States,2023.0,56247,Consumer Discretionary,Restaurants
GETY,Getty Images Holdings Inc. Class A Common Stock,$2.63,-0.56,-17.555%,1081126824.0,United States,2022.0,12202755,Consumer Discretionary,Business Services
GEV,GE Vernova Inc. Common Stock,$366.48,-2.04,-0.554%,101021300446.0,United States,2024.0,3153133,,
GHLD,Guild Holdings Company Class A Common Stock,$13.40,-0.21,-1.543%,829269908.0,United States,2020.0,30489,Finance,Finance: Consumer Services
GLSI,Greenwich LifeSciences Inc. Common Stock,$13.35,-0.46,-3.331%,175481118.0,United States,2020.0,34049,Health Care,Biotechnology: Pharmaceutical Preparations
GLUE,Monte Rosa Therapeutics Inc. Common Stock,$5.99,-0.535,-8.199%,368006073.0,United States,2021.0,932592,Health Care,Biotechnology: Biological Products (No Diagnostic Substances)
GNLX,Genelux Corporation Common Stock,$2.55,-0.13,-4.851%,88072372.0,United States,2023.0,42599,Health Care,Biotechnology: Pharmaceutical Preparations
GOCO,GoHealth Inc. Class A Common Stock,$14.66,-0.32,-2.136%,335795304.0,United States,2020.0,29563,Finance,Specialty Insurers
GRBK,Green Brick Partners Inc. Common Stock,$55.47,0.91,1.668%,2468317817.0,United States,2021.0,284673,Consumer Discretionary,Homebuilding
GRDN,Guardian Pharmacy Services Inc. Class A Common Stock,$20.12,0.47,2.392%,1273479948.0,,2024.0,93603,Consumer Staples,Retail-Drug Stores and Proprietary Stores
GRND,Grindr Inc. Common Stock,$17.32,-0.02,-0.115%,3058926612.0,Singapore,2021.0,808089,Technology,Computer Software: Programming Data Processing
GRNT,Granite Ridge Resources Inc. Common Stock,$6.81,0.06,0.889%,890366313.0,United States,2022.0,484658,Energy,Oil & Gas Production
GROV,Grove Collaborative Holdings Inc. Class A Common Stock,$1.76,0.22,14.286%,69259020.0,,2021.0,1636932,Consumer Discretionary,Catalog/Specialty Distribution
GTLB,GitLab Inc. Class A Common Stock,$61.64,1.07,1.767%,10004172000.0,United States,2021.0,1667209,Technology,Computer Software: Prepackaged Software
GXO,GXO Logistics Inc. Common Stock ,$44.70,-0.84,-1.845%,5340870387.0,United States,2021.0,1694480,Consumer Discretionary,Transportation Services
HAYW,Hayward Holdings Inc. Common Stock,$14.50,-0.26,-1.762%,3123656120.0,United States,2021.0,1497575,Industrials,Industrial Machinery/Components
HCP,HashiCorp Inc. Class A Common Stock,$34.33,0.01,0.029%,7018678178.0,United States,2021.0,4553255,Technology,EDP Services
HGTY,Hagerty Inc. Class A Common Stock,$9.54,0.06,0.633%,3253772473.0,United States,2021.0,56225,Finance,Specialty Insurers
HIPO,Hippo Holdings Inc. Common Stock,$26.16,-0.05,-0.191%,637250014.0,United States,2021.0,150157,Finance,Property-Casualty Insurers
HIT,Health In Tech Inc. Class A Common Stock,$5.48,0.3,5.792%,296300082.0,United States,2024.0,835659,Finance,Specialty Insurers
HLIO,Helios Technologies Inc. Common Stock,$46.10,0.73,1.609%,1532473441.0,United States,2021.0,181200,Industrials,Metal Fabrications
HLLY,Holley Inc. Common Stock,$2.97,-0.05,-1.656%,355797188.0,United States,2020.0,210663,Consumer Discretionary,Auto Parts:O.E.M.
HLMN,Hillman Solutions Corp. Common Stock,$9.48,-0.04,-0.42%,1863682803.0,United States,2020.0,698074,Consumer Discretionary,Industrial Machinery/Components
HLVX,HilleVax Inc. Common Stock,$2.09,-0.05,-2.336%,104094686.0,United States,2022.0,201374,Health Care,Biotechnology: Biological Products (No Diagnostic Substances)
HNST,The Honest Company Inc. Common Stock,$6.33,-0.18,-2.765%,639085440.0,United States,2021.0,2082529,Consumer Discretionary,Catalog/Specialty Distribution
HNVR,Hanover Bancorp Inc. Common Stock,$22.29,-0.03,-0.134%,159431476.0,United States,2022.0,10409,Finance,Major Banks
HOOD,Robinhood Markets Inc. Class A Common Stock,$40.81,0.25,0.616%,36075047868.0,United States,2021.0,13902450,Finance,Investment Bankers/Brokers/Service
HOUR,Hour Loop Inc. Common Stock,$2.18,-0.12,-5.217%,76612743.0,United States,2022.0,124393,Consumer Discretionary,Catalog/Specialty Distribution
HOWL,Werewolf Therapeutics Inc. Common Stock,$1.44,-0.11,-7.097%,64170940.0,United States,2021.0,312410,Health Care,Biotechnology: Pharmaceutical Preparations
HRMY,Harmony Biosciences Holdings Inc. Common Stock,$34.53,-0.65,-1.848%,1969290685.0,United States,2020.0,360803,Health Care,Biotechnology: Pharmaceutical Preparations
HTCR,Heartcore Enterprises Inc. Common Stock,$1.88,0.06,3.297%,163993630.0,Japan,2022.0,264853,Technology,EDP Services
HUMA,Humacyte Inc. Common Stock,$4.68,-0.06,-1.266%,589022441.0,United States,2020.0,3523909,Health Care,Biotechnology: Biological Products (No Diagnostic Substances)
HYPR,Hyperfine Inc. Class A Common Stock,$0.9778,-0.0214,-2.142%,71329284.0,United States,2021.0,77785,Health Care,Biotechnology: Electromedical & Electrotherapeutic Apparatus
IAS,Integral Ad Science Holding Corp. Common Stock,$10.20,0.48,4.938%,1659238559.0,United States,2021.0,1300370,Technology,Computer Software: Programming Data Processing
IBTA,Ibotta Inc. Class A Common Stock,$68.45,-0.48,-0.696%,2096459905.0,United States,2024.0,278482,Consumer Discretionary,Advertising
IDR,Idaho Strategic Resources Inc. Common Stock,$10.22,-0.13,-1.256%,139616841.0,,2022.0,50667,Basic Materials,Precious Metals
IE,Ivanhoe Electric Inc. Common Stock,$6.98,-0.21,-2.921%,839738770.0,Canada,2022.0,643770,Basic Materials,Metal Mining
IKNA,Ikena Oncology Inc. Common Stock,$1.60,-0.01,-0.621%,77212978.0,United States,2021.0,196031,Health Care,Biotechnology: Biological Products (No Diagnostic Substances)
IKT,Inhibikase Therapeutics Inc. Common Stock,$3.10,-0.11,-3.427%,208296967.0,United States,2020.0,101862,Health Care,Biotechnology: Biological Products (No Diagnostic Substances)
IMMX,Immix Biopharma Inc. Common Stock,$2.25,-0.03,-1.316%,61892183.0,United States,2021.0,74229,Health Care,Biotechnology: Pharmaceutical Preparations
IMNM,Immunome Inc. Common Stock,$10.66,-0.1,-0.929%,665363568.0,United States,2020.0,334640,Health Care,Biotechnology: Pharmaceutical Preparations
IMRX,Immuneering Corporation Class A Common Stock,$2.00,-0.36,-15.254%,62100896.0,United States,2021.0,4818374,Health Care,Biotechnology: Pharmaceutical Preparations
INFA,Informatica Inc. Class A Common Stock,$25.61,-0.33,-1.272%,7820534151.0,United States,2021.0,700580,Technology,Computer Software: Prepackaged Software
INGM,Ingram Micro Holding Corporation Common Stock,$19.59,-1.02,-4.949%,4600233132.0,,2024.0,730978,Technology,Retail: Computer Software & Peripheral Equipment
INLX,Intellinetics Inc. Common Stock,$13.60,-0.15,-1.091%,57538962.0,,2022.0,1502,Technology,Computer Software: Prepackaged Software
INNV,InnovAge Holding Corp. Common Stock,$3.78,0.09,2.439%,512020822.0,United States,2021.0,54663,Health Care,Medical/Nursing Services
INTA,Intapp Inc. Common Stock,$63.34,1.24,1.997%,4901597697.0,United States,2021.0,869785,Technology,Computer Software: Prepackaged Software
INZY,Inozyme Pharma Inc. Common Stock,$2.80,-0.02,-0.709%,179872554.0,United States,2020.0,379624,Health Care,Biotechnology: Pharmaceutical Preparations
IOBT,IO Biotech Inc. Common Stock,$0.8599,-0.0401,-4.456%,56650998.0,Denmark,2021.0,87005,Health Care,Biotechnology: Pharmaceutical Preparations
IONQ,IonQ Inc. Common Stock,$30.25,-19.34,-39.00%,6545865321.0,United States,2021.0,124263817,Technology,EDP Services
IOT,Samsara Inc. Class A Common Stock,$44.18,1.26,2.936%,24793743766.0,United States,2021.0,2769278,Technology,EDP Services
IPSC,Century Therapeutics Inc. Common Stock,$1.07,0.01,0.943%,90981075.0,United States,2021.0,1265259,Health Care,Biotechnology: Biological Products (No Diagnostic Substances)
ISPO,Inspirato Incorporated Class A Common Stock,$5.11,0.54,11.816%,55266009.0,United States,2021.0,99273,Finance,Blank Checks
ISPR,Ispire Technology Inc. Common Stock,$4.54,-0.2,-4.219%,257175192.0,United States,2023.0,45120,Health Care, Medicinal Chemicals and Botanical Products 
ITOS,iTeos Therapeutics Inc. Common Stock,$7.81,-0.02,-0.255%,285329900.0,United States,2020.0,257598,Health Care,Biotechnology: Biological Products (No Diagnostic Substances)
IVT,InvenTrust Properties Corp. Common Stock,$29.48,0.3,1.028%,2273805106.0,United States,2021.0,585635,Real Estate,Real Estate Investment Trusts
IVVD,Invivyd Inc. Common Stock,$0.4615,-0.0694,-13.072%,55202800.0,United States,2021.0,1014068,Health Care,Biotechnology: Biological Products (No Diagnostic Substances)
IZTC,Invizyne Technologies Inc. Common Stock,$12.10,-1.17,-8.817%,75653423.0,United States,2024.0,46064,Health Care,Biotechnology: Biological Products (No Diagnostic Substances)
J,Jacobs Solutions Inc. Common Stock,$133.10,1.25,0.948%,16499986138.0,United States,2022.0,526827,Industrials,Military/Government/Technical
JAMF,Jamf Holding Corp. Common Stock,$14.13,-0.04,-0.282%,1814927652.0,United States,2020.0,483883,Technology,Computer Software: Prepackaged Software
JANX,Janux Therapeutics Inc. Common Stock,$50.82,-6.99,-12.091%,2667136256.0,United States,2021.0,2261251,Health Care,Biotechnology: Pharmaceutical Preparations
JBI,Janus International Group Inc. Common Stock,$7.00,-0.37,-5.02%,987522753.0,United States,2021.0,2484328,Industrials,Building Products
JOBY,Joby Aviation Inc. Common Stock,$9.49,-0.78,-7.595%,7260661898.0,United States,2020.0,18045552,Industrials,Aerospace
JSPR,Jasper Therapeutics Inc. Common Stock,$6.99,-10.72,-60.531%,104859457.0,United States,2020.0,6533996,Health Care,Biotechnology: Biological Products (No Diagnostic Substances)
JUNS,Jupiter Neurosciences Inc. Common Stock,$8.65,0.0,0.00%,286348389.0,United States,2024.0,250987,Health Care,Biotechnology: Pharmaceutical Preparations
JXN,Jackson Financial Inc. Class A Common Stock ,$88.61,-1.25,-1.391%,6544892060.0,United States,2021.0,680919,Finance,Life Insurance
KD,Kyndryl Holdings Inc. Common Stock,$37.72,-0.13,-0.343%,8761259555.0,United States,2021.0,2420970,Technology,EDP Services
KGS,Kodiak Gas Services Inc. Common Stock,$41.68,-0.71,-1.675%,3649904221.0,United States,2023.0,645023,Utilities,Natural Gas Distribution
KLC,KinderCare Learning Companies Inc. Common Stock,$18.53,0.47,2.602%,2185911629.0,,2024.0,346894,Consumer Discretionary,Other Consumer Services
KLG,WK Kellogg Co Common Stock,$16.32,-1.18,-6.743%,1405563982.0,United States,2023.0,1930781,Consumer Staples,Packaged Foods
KLTR,Kaltura Inc. Common Stock,$2.24,-0.28,-11.111%,335317515.0,United States,2021.0,697548,Technology,Computer Software: Prepackaged Software
KNF,Knife Riv Holding Co. Common Stock,$98.24,1.24,1.278%,5561632139.0,United States,2023.0,531421,Industrials,Mining & Quarrying of Nonmetallic Minerals (No Fuels)
KNTK,Kinetik Holdings Inc. Class A Common Stock,$59.65,0.23,0.387%,9397100363.0,United States,2022.0,439048,Utilities,Natural Gas Distribution
KRON,Kronos Bio Inc. Common Stock,$0.985,-0.02,-1.99%,59435804.0,United States,2020.0,223071,Health Care,Biotechnology: Pharmaceutical Preparations
KROS,Keros Therapeutics Inc. Common Stock,$14.89,-0.95,-5.997%,603155320.0,United States,2020.0,719190,Health Care,Biotechnology: Pharmaceutical Preparations
KRT,Karat Packaging Inc. Common Stock,$28.91,0.02,0.069%,578896876.0,United States,2021.0,37023,Industrials,Plastic Products
KVUE,Kenvue Inc. Common Stock,$21.10,0.05,0.238%,40454131942.0,United States,2023.0,7308041,Consumer Discretionary,Specialty Chemicals
KVYO,Klaviyo Inc. Series A Common Stock,$41.10,-0.62,-1.486%,11081940919.0,United States,2023.0,525092,Technology,Computer Software: Prepackaged Software
KYMR,Kymera Therapeutics Inc. Common Stock,$40.52,-0.4,-0.978%,2624288902.0,United States,2020.0,322141,Health Care,Biotechnology: Biological Products (No Diagnostic Substances)
KYTX,Kyverna Therapeutics Inc. Common Stock,$3.80,-0.06,-1.554%,164052126.0,United States,2024.0,264104,Health Care,Biotechnology: Biological Products (No Diagnostic Substances)
LASE,Laser Photonics Corporation Common Stock,$5.17,-0.28,-5.138%,71513482.0,United States,2022.0,355585,Miscellaneous,Industrial Machinery/Components
LAW,CS Disco Inc. Common Stock,$4.91,-0.25,-4.845%,294152041.0,United States,2021.0,187292,Technology,Computer Software: Prepackaged Software
LDI,loanDepot Inc. Class A Common Stock,$1.67,-0.08,-4.571%,546091065.0,United States,2021.0,654182,Finance,Finance: Consumer Services
LENZ,LENZ Therapeutics Inc. Common Stock,$26.34,-0.84,-3.091%,724373495.0,United States,2021.0,103589,Health Care,Biotechnology: Biological Products (No Diagnostic Substances)
LESL,Leslie's Inc. Common Stock,$2.18,-0.04,-1.802%,403233065.0,United States,2020.0,3663639,Consumer Discretionary,Other Specialty Stores
LFST,LifeStance Health Group Inc. Common Stock,$7.70,0.18,2.394%,2946328739.0,United States,2021.0,1345380,Health Care,Medical/Nursing Services
LGCY,Legacy Education Inc. Common Stock,$8.35,-0.01,-0.12%,102238753.0,,2024.0,58344,Real Estate,Other Consumer Services
LIEN,Chicago Atlantic BDC Inc. Common Stock,$11.9999,-0.1701,-1.398%,273842122.0,United States,2022.0,9901,Finance,Finance: Consumer Services
LIF,Life360 Inc. Common Stock,$42.98,-0.26,-0.601%,3209169351.0,United States,2024.0,191210,,
LINE,Lineage Inc. Common Stock,$56.47,-0.53,-0.93%,12898410393.0,United States,2024.0,846629,Real Estate,Real Estate Investment Trusts
LMND,Lemonade Inc. Common Stock,$34.44,-1.7,-4.704%,2459172358.0,United States,2020.0,1735528,Finance,Property-Casualty Insurers
LNZA,LanzaTech Global Inc. Common Stock,$1.775,-0.065,-3.533%,351063148.0,United States,2021.0,1084555,Industrials,Major Chemicals
LOAR,Loar Holdings Inc. Common Stock,$72.70,-2.18,-2.911%,6521449612.0,United States,2024.0,737350,Industrials,Military/Government/Technical
LOB,Live Oak Bancshares Inc. Common Stock,$38.30,-0.41,-1.059%,1730754212.0,United States,2022.0,95444,Finance,Major Banks
LOGC,ContextLogic Inc. Class A Common Stock,$6.93,-0.15,-2.119%,182155431.0,United States,2020.0,136261,Consumer Discretionary,Catalog/Specialty Distribution
LSF,Laird Superfood Inc. Common Stock,$7.14,-0.24,-3.252%,73332819.0,,2020.0,54922,Consumer Staples,Packaged Foods
LTH,Life Time Group Holdings Inc. Common Stock,$23.58,0.53,2.299%,4880414592.0,United States,2021.0,1699464,Consumer Discretionary,Hotels/Resorts
LTM,LATAM Airlines Group S.A. American Depositary Shares (each representing two thousand (2000) shares of Common Stock),$27.06,0.06,0.222%,8178097419.0,Chile,2024.0,394343,Consumer Discretionary,Air Freight/Delivery Services
LUCD,Lucid Diagnostics Inc. Common Stock,$0.8597,-0.0401,-4.457%,51016729.0,United States,2021.0,279367,Health Care,Medical/Dental Instruments
LUCK,Lucky Strike Entertainment Corporation Class A Common Stock,$10.44,-0.13,-1.23%,1533778736.0,United States,2021.0,431583,Consumer Discretionary,Services-Misc. Amusement & Recreation
LUNG,Pulmonx Corporation Common Stock,$6.49,-0.12,-1.815%,256276335.0,United States,2020.0,169377,Health Care,Medical/Dental Instruments
LUNR,Intuitive Machines Inc. Class A Common Stock,$18.79,-1.08,-5.435%,2637116259.0,United States,2021.0,13354484,Industrials,Industrial Machinery/Components
LVWR,LiveWire Group Inc. Common Stock,$4.94,0.01,0.203%,1004056225.0,United States,2022.0,121004,Consumer Discretionary,Motor Vehicles
LXEO,Lexeo Therapeutics Inc. Common Stock,$6.82,-0.51,-6.958%,225509759.0,United States,2023.0,194391,Health Care,Biotechnology: Biological Products (No Diagnostic Substances)
LYEL,Lyell Immunopharma Inc. Common Stock,$0.6517,-0.0118,-1.778%,181968074.0,United States,2021.0,667316,Health Care,Biotechnology: Pharmaceutical Preparations
LZ,LegalZoom.com Inc. Common Stock,$7.72,-0.05,-0.644%,1334187461.0,United States,2021.0,1338459,Technology,EDP Services
MAIA,MAIA Biotechnology Inc. Common Stock,$2.13,-0.25,-10.504%,53957307.0,,2022.0,515181,Health Care,Biotechnology: Pharmaceutical Preparations
MAMO,Massimo Group Common Stock,$2.64,0.01,0.38%,109255848.0,United States,2024.0,27355,Consumer Discretionary,Industrial Specialties
MASS,908 Devices Inc. Common Stock,$2.02,-0.11,-5.164%,70342129.0,United States,2020.0,186494,Industrials,Industrial Machinery/Components
MAX,MediaAlpha Inc. Class A Common Stock,$11.28,-0.48,-4.082%,751972593.0,United States,2020.0,385941,Consumer Discretionary,Business Services
MBC,MasterBrand Inc. Common Stock,$15.22,0.26,1.738%,1934514326.0,United States,2022.0,1240580,Consumer Discretionary,Home Furnishings
MBLY,Mobileye Global Inc. Class A Common Stock,$16.95,-2.6,-13.299%,1687340753.0,Israel,2022.0,20989060,Technology,Computer Software: Prepackaged Software
MBX,MBX Biosciences Inc. Common Stock,$14.51,-0.09,-0.616%,484886735.0,United States,2024.0,187807,Health Care,Biotechnology: Pharmaceutical Preparations
MDV,Modiv Industrial Inc. Class C Common Stock,$14.51,-0.14,-0.956%,139967436.0,,2022.0,16520,Real Estate,Real Estate Investment Trusts
MEG,Montrose Environmental Group Inc. Common Stock,$20.80,0.09,0.435%,713455558.0,United States,2020.0,654924,Consumer Discretionary,Professional Services
MGLD,The Marygold Companies Inc. Common Stock,$1.95,0.2,11.429%,78635768.0,,2022.0,20804,Finance,Finance: Consumer Services
MGRM,Monogram Technologies Inc. Common Stock,$2.50,-0.15,-5.66%,85780653.0,United States,2023.0,49739,Health Care,Medical/Dental Instruments
MGX,Metagenomi Inc. Common Stock,$3.09,-0.21,-6.364%,115639904.0,United States,2024.0,693395,Health Care,Biotechnology: Biological Products (No Diagnostic Substances)
MIR,Mirion Technologies Inc. Class A Common Stock,$16.54,-0.5,-2.934%,3841636371.0,United States,2020.0,1803747,Industrials,Industrial Machinery/Components
MKFG,Markforged Holding Corporation Common Stock,$3.38,-0.03,-0.88%,69695718.0,United States,2020.0,32513,Technology,Computer peripheral equipment
ML,MoneyLion Inc. Class A Common Stock,$86.44,0.68,0.793%,959590581.0,United States,2020.0,190500,Finance,Finance: Consumer Services
MLNK,MeridianLink Inc. Common Stock,$19.58,-0.37,-1.855%,1478783964.0,United States,2021.0,207278,Technology,Computer Software: Prepackaged Software
MLYS,Mineralys Therapeutics Inc. Common Stock,$11.20,-1.78,-13.713%,557409093.0,United States,2023.0,602106,Health Care,Biotechnology: Pharmaceutical Preparations
MNTK,Montauk Renewables Inc. Common Stock,$4.34,-0.11,-2.472%,622215479.0,United States,2021.0,107352,Utilities,Natural Gas Distribution
MP,MP Materials Corp. Common Stock,$19.38,-1.2,-5.831%,3162956001.0,United States,2020.0,2657275,Basic Materials,Metal Mining
MPLN,MultiPlan Corporation Class A Common Stock,$12.37,0.27,2.231%,200037707.0,United States,2020.0,135376,Consumer Discretionary,Business Services
MPTI,M-tron Industries Inc. Common Stock,$50.77,-1.75,-3.332%,145499154.0,,2022.0,48725,Technology,Industrial Machinery/Components
MQ,Marqeta Inc. Class A Common Stock,$3.84,-0.02,-0.518%,1929194546.0,United States,2021.0,3711671,Technology,Computer Software: Prepackaged Software
MRVI,Maravai LifeSciences Holdings Inc. Class A Common Stock,$6.13,0.08,1.322%,1547994096.0,United States,2020.0,1329140,Health Care,Biotechnology: Pharmaceutical Preparations
MSAI,MultiSensor AI Holdings Inc. Common Stock,$1.74,-0.74,-29.839%,52967693.0,United States,2021.0,2218109,Technology,Electronic Components
MSGE,Madison Square Garden Entertainment Corp. Class A Common Stock,$34.30,-0.56,-1.606%,1662608294.0,United States,2023.0,488148,Consumer Discretionary,Services-Misc. Amusement & Recreation
MTTR,Matterport Inc. Class A Common Stock,$4.96,0.07,1.431%,1601560832.0,United States,2021.0,2514175,Technology,Computer Software: Prepackaged Software
MXCT,MaxCyte Inc. Common Stock,$4.57,0.19,4.338%,473015889.0,United States,2021.0,791916,Health Care,Biotechnology: Commercial Physical & Biological Resarch
MYPS,PLAYSTUDIOS Inc.  Class A Common Stock,$1.77,-0.01,-0.562%,220691441.0,United States,2020.0,152498,Technology,Computer Software: Prepackaged Software
NABL,N-able Inc. Common Stock,$9.42,-0.03,-0.317%,1749818449.0,United States,2021.0,506423,Technology,Computer Software: Prepackaged Software
NARI,Inari Medical Inc. Common Stock,$79.30,-0.15,-0.189%,4642551729.0,United States,2020.0,11442923,Health Care,Medical/Dental Instruments
NATL,NCR Atleos Corporation Common Stock,$33.01,-0.55,-1.639%,2392817591.0,United States,2023.0,581159,Miscellaneous,Office Equipment/Supplies/Services
NAUT,Nautilus Biotechnolgy Inc. Common Stock,$1.82,0.1,5.814%,272013615.0,United States,2020.0,210556,Industrials,Biotechnology: Laboratory Analytical Instruments
NBBK,NB Bancorp Inc. Common Stock,$17.32,-0.21,-1.198%,739663226.0,United States,2023.0,137423,Finance,Banks
NCDL,Nuveen Churchill Direct Lending Corp. Common Stock,$16.44,0.03,0.183%,895741916.0,,2024.0,513835,,
NCNO,nCino Inc. Common Stock,$33.51,-0.05,-0.149%,3880254661.0,United States,2020.0,559869,Technology,Computer Software: Prepackaged Software
NECB,NorthEast Community Bancorp Inc. Common Stock,$23.89,0.04,0.168%,334952182.0,United States,2021.0,156752,Finance,Banks
NEUE,NeueHealth Inc. Common Stock,$7.42,0.02,0.27%,61473127.0,United States,2021.0,35141,Health Care,Medical Specialities
NIC,Nicolet Bankshares Inc. Common Stock,$103.82,1.29,1.258%,1579275995.0,United States,2022.0,66520,Finance,Major Banks
NKTX,Nkarta Inc. Common Stock,$2.39,-0.03,-1.24%,168659322.0,United States,2020.0,939466,Health Care,Biotechnology: Pharmaceutical Preparations
NMRA,Neumora Therapeutics Inc. Common Stock,$2.37,-0.21,-8.14%,382899722.0,United States,2023.0,5578561,Health Care,Biotechnology: Biological Products (No Diagnostic Substances)
NNE,Nano Nuclear Energy Inc. Common Stock,$26.84,-3.4,-11.243%,982259427.0,United States,2024.0,4762383,Utilities,Electric Utilities: Central
NOG,Northern Oil and Gas Inc. Common Stock,$39.40,0.11,0.28%,3933111462.0,United States,2022.0,1058582,Energy,Oil & Gas Production
NPCE,Neuropace Inc. Common Stock,$12.01,-0.41,-3.301%,358475693.0,United States,2021.0,69884,Health Care,Medical/Dental Instruments
NPWR,NET Power Inc. Class A Common Stock,$9.99,-0.41,-3.942%,2152038797.0,United States,2021.0,548276,Energy,Industrial Machinery/Components
NRDS,NerdWallet Inc. Class A Common Stock,$14.33,-0.05,-0.348%,1052378964.0,United States,2021.0,314459,Technology,EDP Services
NRDY,Nerdy Inc. Class A Common Stock,$1.68,-0.11,-6.145%,303034477.0,United States,2020.0,1062068,Real Estate,Other Consumer Services
NREF,NexPoint Real Estate Finance Inc. Common Stock,$15.38,-0.05,-0.324%,268552164.0,United States,2020.0,23033,Real Estate,Real Estate Investment Trusts
NRGV,Energy Vault Holdings Inc. Common Stock,$2.19,-0.28,-11.336%,333141985.0,United States,2021.0,1690562,Miscellaneous,Industrial Machinery/Components
NSTS,NSTS Bancorp Inc. Common Stock,$11.50,0.0,0.00%,60491656.0,United States,2022.0,1046,Finance,Savings Institutions
NTST,NetSTREIT Corp. Common Stock,$13.72,-0.04,-0.291%,1119331341.0,United States,2020.0,351028,Real Estate,Real Estate Investment Trusts
NUVB,Nuvation Bio Inc. Class A Common Stock,$3.01,-0.24,-7.385%,1013065240.0,United States,2020.0,3422758,Health Care,Biotechnology: Pharmaceutical Preparations
NUVL,Nuvalent Inc. Class A Common Stock,$78.25,-1.87,-2.334%,5559862742.0,United States,2021.0,341143,Health Care,Biotechnology: Pharmaceutical Preparations
NVCT,Nuvectis Pharma Inc. Common Stock,$6.17,-0.06,-0.963%,119210403.0,United States,2022.0,79186,Health Care,Biotechnology: Pharmaceutical Preparations
NXT,Nextracker Inc. Class A Common Stock,$42.53,-1.39,-3.165%,6190176557.0,United States,2023.0,2802390,Industrials,Industrial Machinery/Components
OABI,OmniAb Inc. Common Stock,$3.57,-0.07,-1.923%,432014921.0,United States,2021.0,307421,Health Care,Biotechnology: Commercial Physical & Biological Resarch
OB,Outbrain Inc. Common Stock,$6.66,-0.09,-1.333%,330664731.0,United States,2021.0,214425,Technology,Computer Software: Programming Data Processing
OBDE,Blue Owl Capital Corporation III Common Stock,$14.33,0.0,0.00%,1767703274.0,,2024.0,328361,,
OGN,Organon & Co. Common Stock ,$16.00,0.28,1.781%,4120622000.0,United States,2021.0,3893663,Health Care,Biotechnology: Pharmaceutical Preparations
OKUR,OnKure Therapeutics Inc. Class A Common Stock,$7.81,-0.1,-1.264%,104180847.0,United States,2021.0,32956,Health Care,Biotechnology: Pharmaceutical Preparations
OLMA,Olema Pharmaceuticals Inc. Common Stock,$5.75,0.51,9.733%,329462609.0,United States,2020.0,2181831,Health Care,Biotechnology: Pharmaceutical Preparations
OLO,Olo Inc. Class A Common Stock,$7.61,-0.24,-3.057%,1245526638.0,United States,2021.0,1707884,Technology,Computer Software: Prepackaged Software
OLPX,Olaplex Holdings Inc. Common Stock,$1.57,-0.04,-2.484%,1040788798.0,United States,2021.0,2277651,Consumer Discretionary,Package Goods/Cosmetics
OM,Outset Medical Inc. Common Stock,$0.9766,-0.1234,-11.218%,51312541.0,United States,2020.0,3137643,Health Care,Biotechnology: Electromedical & Electrotherapeutic Apparatus
ONEW,OneWater Marine Inc. Class A Common Stock,$15.78,-0.47,-2.892%,256526560.0,United States,2020.0,208380,Consumer Discretionary,Auto & Home Supply Stores
ONL,Orion Office REIT Inc. Common Stock,$3.87,-0.05,-1.276%,216517994.0,United States,2021.0,438916,Real Estate,Real Estate Investment Trusts
ONTF,ON24 Inc. Common Stock,$6.56,-0.02,-0.304%,273229091.0,United States,2021.0,87196,Technology,Computer Software: Prepackaged Software
OPAD,Offerpad Solutions Inc. Class A Common Stock,$2.56,-0.16,-5.882%,70077220.0,United States,2020.0,34754,Finance,Real Estate
OPAL,OPAL Fuels Inc. Class A Common Stock,$3.35,-0.04,-1.18%,578975522.0,United States,2021.0,57563,Utilities,Natural Gas Distribution
OPFI,OppFi Inc. Class A Common Stock,$8.22,1.0,13.85%,708680930.0,,2020.0,3118246,Finance,Finance: Consumer Services
OPTX,Syntec Optics Holdings Inc. Class A Common Stock,$2.42,-0.42,-14.789%,88785604.0,United States,2022.0,337341,Technology,Electronic Components
ORGN,Origin Materials Inc. Common Stock,$1.17,-0.06,-4.878%,171112695.0,United States,2020.0,1012274,Industrials,Major Chemicals
ORIC,Oric Pharmaceuticals Inc. Common Stock,$8.50,-0.72,-7.809%,599819075.0,United States,2020.0,551518,Health Care,Biotechnology: Pharmaceutical Preparations
OS,OneStream Inc. Class A Common Stock,$26.36,-0.93,-3.408%,6181902836.0,United States,2024.0,1149672,Technology,Computer Software: Prepackaged Software
OSCR,Oscar Health Inc. Class A Common Stock,$15.29,0.9,6.254%,3780743270.0,United States,2021.0,4396186,Health Care,Medical Specialities
OSTX,OS Therapies Incorporated Common Stock,$5.12,0.22,4.49%,108740495.0,,2024.0,47057,Health Care,Biotechnology: Pharmaceutical Preparations
OTIS,Otis Worldwide Corporation Common Stock ,$91.79,-0.33,-0.358%,36666481498.0,United States,2020.0,2813865,Technology,Consumer Electronics/Appliances
OWL,Blue Owl Capital Inc. Class A Common Stock,$23.24,0.6,2.65%,34709411447.0,United States,2020.0,5221094,Finance,Investment Managers
OWLT,Owlet Inc. Class A Common Stock,$4.47,-0.03,-0.667%,71681300.0,,2020.0,18314,Industrials,Industrial Machinery/Components
PACS,PACS Group Inc. Common Stock,$13.20,-0.06,-0.452%,2011676476.0,United States,2024.0,484891,Health Care,Hospital/Nursing Management
PAL,Proficient Auto Logistics Inc. Common Stock,$9.70,0.43,4.639%,262188876.0,United States,2024.0,613959,Consumer Discretionary,Transportation Services
PATH,UiPath Inc. Class A Common Stock,$13.43,0.23,1.742%,7381113616.0,United States,2021.0,8626702,Technology,Computer Software: Prepackaged Software
PAY,Paymentus Holdings Inc. Class A Common Stock,$31.65,-0.21,-0.659%,3944652680.0,United States,2021.0,409014,Consumer Discretionary,Business Services
PCOR,Procore Technologies Inc. Common Stock,$76.32,0.47,0.62%,11346029306.0,United States,2021.0,727712,Technology,Computer Software: Prepackaged Software
PCVX,Vaxcyte Inc. Common Stock,$81.06,-6.23,-7.137%,10103038419.0,United States,2020.0,1227291,Health Care,Biotechnology: Pharmaceutical Preparations
PECO,Phillips Edison & Company Inc. Common Stock,$36.60,0.15,0.412%,4487160000.0,United States,2021.0,824298,Real Estate,Real Estate Investment Trusts
PEPG,PepGen Inc. Common Stock,$3.45,-0.04,-1.146%,112455293.0,United States,2022.0,106813,Health Care,Biotechnology: Pharmaceutical Preparations
PFLT,PennantPark Floating Rate Capital Ltd. Common Stock,$11.02,-0.01,-0.091%,917193454.0,United States,2022.0,640491,Finance,Finance: Consumer Services
PHIN,PHINIA Inc. Common Stock,$47.83,0.69,1.464%,2011643419.0,United States,2023.0,319421,Consumer Discretionary,Auto Parts:O.E.M.
PIII,P3 Health Partners Inc. Class A Common Stock,$0.2218,-0.0205,-8.461%,79586339.0,United States,2021.0,306461,Health Care,Medical/Nursing Services
PL,Planet Labs PBC Class A Common Stock,$3.88,-0.23,-5.596%,1151230257.0,United States,2021.0,3225053,Technology,Radio And Television Broadcasting And Communications Equipment
PLBY,PLBY Group Inc. Common Stock,$1.36,-0.01,-0.73%,121837924.0,United States,2020.0,908740,Consumer Discretionary,Other Specialty Stores
PLRX,Pliant Therapeutics Inc. Common Stock,$12.61,-0.66,-4.974%,767364186.0,United States,2020.0,202082,Health Care,Biotechnology: Pharmaceutical Preparations
PLTK,Playtika Holding Corp. Common Stock,$6.90,-0.21,-2.954%,2571720797.0,Israel,2021.0,658264,Technology,EDP Services
PMVP,PMV Pharmaceuticals Inc. Common Stock,$1.51,-0.03,-1.948%,78138166.0,United States,2020.0,158514,Health Care,Biotechnology: Pharmaceutical Preparations
PNNT,PennantPark Investment Corporation Common Stock,$7.19,-0.02,-0.277%,469478916.0,United States,2022.0,365385,Finance,Finance: Consumer Services
PR,Permian Resources Corporation Class A Common Stock,$14.99,0.0,0.00%,12042430122.0,United States,2022.0,6938007,Energy,Oil & Gas Production
PRAX,Praxis Precision Medicines Inc. Common Stock,$73.68,-3.84,-4.954%,1373231409.0,United States,2020.0,226557,Health Care,Biotechnology: Pharmaceutical Preparations
PRCH,Porch Group Inc. Common Stock,$4.68,-0.39,-7.692%,559463968.0,United States,2020.0,1923224,Technology,Computer Software: Prepackaged Software
PRCT,PROCEPT BioRobotics Corporation Common Stock,$86.46,-1.075,-1.228%,4511758089.0,United States,2021.0,378722,Health Care,Medical/Dental Instruments
PRLD,Prelude Therapeutics Incorporated Common Stock,$1.14,-0.07,-5.785%,62740094.0,United States,2020.0,242842,Health Care,Biotechnology: Pharmaceutical Preparations
PRMB,Primo Brands Corporation Class A Common Stock,$30.85,-0.84,-2.651%,4948211109.0,United States,2024.0,2055328,,
PRME,Prime Medicine Inc. Common Stock,$3.15,-0.13,-3.963%,413156652.0,United States,2022.0,503697,Health Care,Biotechnology: Biological Products (No Diagnostic Substances)
PRVA,Privia Health Group Inc. Common Stock,$20.93,0.63,3.103%,2511628360.0,United States,2021.0,383371,Health Care,Medical/Nursing Services
PSQH,PSQ Holdings Inc. Class A Common Stock,$4.05,-0.18,-4.255%,140786999.0,,2021.0,1025042,Consumer Discretionary,Advertising
PSTX,Poseida Therapeutics Inc. Common Stock,$9.50,-0.06,-0.628%,925917728.0,United States,2020.0,21420617,Health Care,Biotechnology: Biological Products (No Diagnostic Substances)
PTLO,Portillo's Inc. Class A Common Stock,$9.20,-0.49,-5.057%,682844350.0,United States,2021.0,1945179,Consumer Discretionary,Restaurants
PUBM,PubMatic Inc. Class A Common Stock,$14.74,-0.1,-0.674%,704081807.0,United States,2020.0,233811,Technology,Computer Software: Programming Data Processing
PWP,Perella Weinberg Partners Class A Common Stock,$23.21,0.02,0.086%,2046274301.0,United States,2020.0,747421,Finance,Finance: Consumer Services
PX,P10 Inc. Class A Common Stock,$13.40,0.21,1.592%,1495744917.0,United States,2021.0,442444,Finance,Investment Managers
PYCR,Paycor HCM Inc. Common Stock,$22.17,0.0,0.00%,3983035973.0,United States,2021.0,9129648,Technology,Computer Software: Prepackaged Software
PYXS,Pyxis Oncology Inc. Common Stock,$1.61,-0.13,-7.471%,95739824.0,United States,2021.0,603559,Health Care,Biotechnology: Pharmaceutical Preparations
QS,QuantumScape Corporation Class A Common Stock,$5.72,-0.57,-9.062%,2931335401.0,United States,2020.0,25546096,Miscellaneous,Industrial Machinery/Components
QSI,Quantum-Si Incorporated Class A Common Stock,$2.64,-0.855,-24.464%,376761929.0,United States,2020.0,49257214,Industrials,Industrial Machinery/Components
RANI,Rani Therapeutics Holdings Inc. Class A Common Stock,$1.36,-0.07,-4.895%,77912608.0,United States,2021.0,436248,Health Care,Biotechnology: Pharmaceutical Preparations
RAPP,Rapport Therapeutics Inc. Common Stock,$16.69,-1.095,-6.157%,610461067.0,United States,2024.0,45706,Health Care,Biotechnology: Pharmaceutical Preparations
RBC,RBC Bearings Incorporated Common Stock,$297.85,0.42,0.141%,9355277876.0,United States,2022.0,79563,Industrials,Metal Fabrications
RBLX,Roblox Corporation Class A Common Stock,$62.05,0.75,1.223%,40718716078.0,United States,2021.0,7865690,Technology,Computer Software: Prepackaged Software
RBOT,Vicarious Surgical Inc. Class A Common Stock,$14.58,-0.42,-2.80%,86141833.0,Hong Kong,2020.0,47357,Health Care,Industrial Specialties
RBRK,Rubrik Inc. Class A Common Stock,$63.19,-1.15,-1.787%,11705551425.0,United States,2024.0,2032851,Technology,Computer Software: Prepackaged Software
RDDT,Reddit Inc. Class A Common Stock,$172.01,-0.31,-0.18%,30201217363.0,United States,2024.0,4196308,Technology,EDP Services
RDW,Redwire Corporation Common Stock,$16.21,-0.6,-3.569%,1078627519.0,United States,2021.0,1393762,Industrials,Military/Government/Technical
REFI,Chicago Atlantic Real Estate Finance Inc. Common Stock,$15.24,-0.06,-0.392%,299229506.0,United States,2021.0,81284,Real Estate,Real Estate Investment Trusts
RELY,Remitly Global Inc. Common Stock,$23.13,-0.08,-0.345%,4581154654.0,United States,2021.0,1196254,Consumer Discretionary,Business Services
REYN,Reynolds Consumer Products Inc. Common Stock,$26.49,0.14,0.531%,5566766401.0,United States,2020.0,447280,Consumer Discretionary,Containers/Packaging
RFM,RiverNorth Flexible Municipal Income Fund Inc. Common Stock,$15.15,0.06,0.398%,92637690.0,,2020.0,18260,Finance,Finance/Investors Services
RFMZ,RiverNorth Flexible Municipal Income Fund II Inc. Common Stock,$13.73,0.0848,0.621%,334349610.0,,2021.0,66585,Finance,Trusts Except Educational Religious and Charitable
RIVN,Rivian Automotive Inc. Class A Common Stock,$14.21,-0.74,-4.95%,14503727308.0,United States,2021.0,32673523,Consumer Discretionary,Auto Manufacturing
RKLB,Rocket Lab USA Inc. Common Stock,$27.36,-0.59,-2.111%,13677567094.0,United States,2020.0,18264729,Industrials,Military/Government/Technical
RKT,Rocket Companies Inc. Class A Common Stock,$10.45,-0.13,-1.229%,20844768803.0,United States,2020.0,2316929,Finance,Finance: Consumer Services
RLAY,Relay Therapeutics Inc. Common Stock,$4.83,0.21,4.545%,808459687.0,United States,2020.0,2057043,Health Care,Biotechnology: Biological Products (No Diagnostic Substances)
RMMZ,RiverNorth Managed Duration Municipal Income Fund II Inc. Common Stock,$15.24,0.07,0.461%,300831931.0,,2022.0,19907,Finance,Investment Managers
RNA,Avidity Biosciences Inc. Common Stock,$29.93,-0.86,-2.793%,3570927858.0,United States,2020.0,963352,Health Care,Biotechnology: Pharmaceutical Preparations
RNST,Renasant Corporation Common Stock,$34.90,-0.16,-0.456%,2218442581.0,United States,2023.0,297638,Finance,Major Banks
ROOT,Root Inc. Class A Common Stock,$77.42,-0.47,-0.603%,1169042000.0,United States,2020.0,250152,Finance,Property-Casualty Insurers
RR,Richtech Robotics Inc. Class B Common Stock,$3.16,-0.71,-18.346%,250451940.0,United States,2023.0,32151581,Industrials,Industrial Machinery/Components
RSI,Rush Street Interactive Inc. Class A Common Stock,$14.59,-0.15,-1.018%,3292904086.0,United States,2020.0,1620029,Consumer Discretionary,Services-Misc. Amusement & Recreation
RSVR,Reservoir Media Inc. Common Stock,$8.08,-0.14,-1.703%,526998244.0,United States,2021.0,13707,Consumer Discretionary,Services-Misc. Amusement & Recreation
RUM,Rumble Inc. Class A Common Stock,$11.65,-1.63,-12.274%,4537885434.0,United States,2021.0,4927162,Technology,Computer Software: Programming Data Processing
RVMD,Revolution Medicines Inc. Common Stock,$44.42,0.09,0.203%,7472305348.0,United States,2020.0,1017499,Health Care,Biotechnology: Biological Products (No Diagnostic Substances)
RVPH,Reviva Pharmaceuticals Holdings Inc. Common Stock ,$1.87,-0.13,-6.50%,62535042.0,United States,2020.0,3332549,Health Care,Biotechnology: Pharmaceutical Preparations
RWAY,Runway Growth Finance Corp. Common Stock,$10.88,-0.13,-1.181%,406907887.0,United States,2021.0,204129,Finance,Finance: Consumer Services
RXO,RXO Inc. Common Stock,$25.20,-0.1,-0.395%,4051909411.0,United States,2022.0,694582,Consumer Discretionary,Transportation Services
RXRX,Recursion Pharmaceuticals Inc. Class A Common Stock,$7.26,-0.23,-3.071%,2081012448.0,United States,2021.0,12937467,Health Care,Biotechnology: Biological Products (No Diagnostic Substances)
RXST,RxSight Inc. Common Stock,$34.50,-1.1,-3.09%,1390504043.0,United States,2021.0,460008,Health Care,Ophthalmic Goods
RXT,Rackspace Technology Inc. Common Stock,$2.36,0.07,3.057%,537062569.0,United States,2020.0,661465,Technology,Computer Software: Programming Data Processing
RYAN,Ryan Specialty Holdings Inc. Class A Common Stock,$61.12,0.38,0.626%,16003771977.0,United States,2021.0,1267611,Finance,Specialty Insurers
S,SentinelOne Inc. Class A Common Stock,$22.50,0.02,0.089%,7230183615.0,United States,2021.0,3651288,Technology,Computer Software: Prepackaged Software
SAFE,Safehold Inc. New Common Stock ,$16.55,-0.41,-2.417%,1182268779.0,United States,2023.0,947061,Real Estate,Real Estate Investment Trusts
SANA,Sana Biotechnology Inc. Common Stock,$4.30,2.65,160.606%,960056223.0,United States,2021.0,159116010,Health Care,Biotechnology: Biological Products (No Diagnostic Substances)
SARO,StandardAero Inc. Common Stock,$23.04,0.04,0.174%,7705995955.0,,2024.0,2278685,Industrials,Aerospace
SBC,SBC Medical Group Holdings Incorporated Common Stock,$5.37,0.0,0.00%,553221782.0,United States,2022.0,13024,Health Care,Medical/Nursing Services
SCLX,Scilex Holding Company Common Stock,$0.4526,-0.0277,-5.767%,86804389.0,United States,2021.0,1291208,Health Care,Biotechnology: Biological Products (No Diagnostic Substances)
SDGR,Schrodinger Inc. Common Stock,$20.33,-0.82,-3.877%,1481218733.0,United States,2020.0,521498,Health Care,Biotechnology: Pharmaceutical Preparations
SDHC,Smith Douglas Homes Corp. Class A Common Stock,$22.56,-0.78,-3.342%,1156923071.0,United States,2024.0,131315,Consumer Discretionary,Homebuilding
SDIG,Stronghold Digital Mining Inc. Class A Common Stock,$3.88,-0.2,-4.902%,66902797.0,United States,2021.0,336613,Technology,EDP Services
SDST,Stardust Power Inc. Common Stock,$3.55,-0.24,-6.332%,170173297.0,United States,2021.0,31124,Industrials,Major Chemicals
SEER,Seer Inc. Class A Common Stock,$2.41,-0.04,-1.633%,142109410.0,United States,2020.0,217395,Industrials,Biotechnology: Laboratory Analytical Instruments
SEG,Seaport Entertainment Group Inc. Common Stock,$26.47,-0.54,-1.999%,336304606.0,United States,2024.0,56799,Consumer Discretionary,Services-Misc. Amusement & Recreation
SEMR,SEMrush Holdings Inc. Class A Common Stock,$11.77,-0.06,-0.507%,1726679715.0,United States,2021.0,994102,Technology,Computer Software: Prepackaged Software
SEPN,Septerna Inc. Common Stock,$20.85,0.38,1.856%,925797171.0,United States,2024.0,148964,Health Care,Biotechnology: Pharmaceutical Preparations
SERA,Sera Prognostics Inc. Class A Common Stock,$8.32,0.45,5.718%,280987200.0,United States,2021.0,112849,Health Care,Medical Specialities
SES,SES AI Corporation Class A Common Stock,$1.55,-0.2,-11.429%,558906063.0,United States,2021.0,21518086,Miscellaneous,Industrial Machinery/Components
SG,Sweetgreen Inc. Class A Common Stock,$32.23,0.29,0.908%,3728069626.0,United States,2021.0,2293770,Consumer Discretionary,Restaurants
SGHT,Sight Sciences Inc. Common Stock,$3.32,0.01,0.302%,168505325.0,United States,2021.0,252273,Health Care,Medical/Dental Instruments
SGMT,Sagimet Biosciences Inc. Series A Common Stock,$5.37,-0.2,-3.591%,164723971.0,United States,2023.0,2368551,Health Care,Biotechnology: Pharmaceutical Preparations
SHC,Sotera Health Company Common Stock,$13.39,-0.1,-0.741%,3792570598.0,United States,2020.0,912885,Health Care,Misc Health and Biotechnology Services
SHCO,Soho House & Co Inc. Class A Common Stock,$7.64,-0.02,-0.261%,1482624925.0,,2021.0,234719,Consumer Discretionary,Hotels/Resorts
SHIM,Shimmick Corporation Common Stock,$2.43,-0.16,-6.178%,82126520.0,United States,2023.0,28540,Industrials,Military/Government/Technical
SHLS,Shoals Technologies Group Inc. Class A Common Stock,$6.00,-0.24,-3.846%,1000194738.0,United States,2021.0,3314770,Technology,Semiconductors
SILA,Sila Realty Trust Inc. Common Stock,$23.12,-0.13,-0.559%,1272026379.0,United States,2024.0,250695,Real Estate,Real Estate Investment Trusts
SKIN,The Beauty Health Company Class A Common Stock,$1.77,-0.13,-6.842%,219696220.0,United States,2020.0,859556,Health Care,Medical/Dental Instruments
SKLZ,Skillz Inc. Class A Common Stock,$5.30,-0.31,-5.526%,94702992.0,United States,2020.0,89587,Technology,EDP Services
SKWD,Skyward Specialty Insurance Group Inc. Common Stock,$45.61,0.09,0.198%,1828957853.0,United States,2023.0,328938,Finance,Property-Casualty Insurers
SKYH,Sky Harbour Group Corporation Class A Common Stock,$11.10,0.0,0.00%,792958392.0,United States,2022.0,66728,Finance,Real Estate
SKYT,SkyWater Technology Inc. Common Stock,$12.38,-2.78,-18.338%,589981255.0,United States,2021.0,2056484,Technology,Semiconductors
SKYX,SKYX Platforms Corp. Common Stock,$1.38,-0.12,-8.00%,141452338.0,United States,2022.0,598694,Consumer Discretionary,Building Products
SLDP,Solid Power Inc. Class A Common Stock,$1.82,-0.17,-8.543%,328305558.0,United States,2021.0,7329712,Miscellaneous,Industrial Machinery/Components
SLGN,Silgan Holdings Inc. Common Stock,$51.06,-0.14,-0.273%,5452934829.0,United States,2022.0,385968,Industrials,Containers/Packaging
SLQT,SelectQuote Inc. Common Stock,$4.10,-0.04,-0.966%,703168446.0,United States,2020.0,1124098,Finance,Specialty Insurers
SLRN,ACELYRIN INC. Common Stock,$2.14,-0.06,-2.727%,214696718.0,United States,2023.0,4436997,Health Care,Biotechnology: Pharmaceutical Preparations
SLVM,Sylvamo Corporation Common Stock,$77.26,0.75,0.98%,3168303730.0,United States,2021.0,221601,Basic Materials,Paper
SMCI,Super Micro Computer Inc. Common Stock,$32.61,-1.77,-5.148%,19095283455.0,United States,2020.0,25331419,Technology,Computer Manufacturing
SMXT,Solarmax Technology Inc. Common Stock,$1.40,-0.08,-5.405%,63397614.0,United States,2024.0,158124,Consumer Discretionary,Engineering & Construction
SNAL,Snail Inc. Class A Common Stock,$2.02,-0.07,-3.349%,74647044.0,United States,2022.0,67678,Technology,Computer Software: Prepackaged Software
SNCY,Sun Country Airlines Holdings Inc. Common Stock,$15.66,-0.35,-2.186%,829037769.0,United States,2021.0,499519,Consumer Discretionary,Air Freight/Delivery Services
SNOW,Snowflake Inc. Class A Common Stock,$161.03,2.19,1.379%,53156003000.0,United States,2020.0,5319003,Technology,Computer Software: Prepackaged Software
SOC,Sable Offshore Corp. Common Stock,$22.76,-0.74,-3.149%,2027912882.0,United States,2021.0,649990,Energy,Oil & Gas Production
SOLV,Solventum Corporation Common Stock,$68.96,-0.45,-0.648%,11913120667.0,United States,2024.0,2731559,Health Care,Medical/Dental Instruments
SPHR,Sphere Entertainment Co. Class A Common Stock,$41.37,-0.44,-1.052%,1480767208.0,United States,2020.0,451836,Consumer Discretionary,Services-Misc. Amusement & Recreation
SPIR,Spire Global Inc. Class A Common Stock,$13.56,-0.29,-2.094%,350185441.0,United States,2020.0,201800,Consumer Discretionary,Telecommunications Equipment
SPRY,ARS Pharmaceuticals Inc. Common Stock,$11.43,0.09,0.794%,1110829979.0,United States,2020.0,1212749,Health Care,Biotechnology: Pharmaceutical Preparations
SRFM,Surf Air Mobility Inc. Common Stock,$4.61,-0.44,-8.713%,71493683.0,,2023.0,328095,Consumer Discretionary,Transportation Services
SSBK,Southern States Bancshares Inc. Common Stock,$31.66,-0.05,-0.158%,312954636.0,United States,2021.0,67644,Finance,Savings Institutions
SST,System1 Inc. Class A Common Stock,$0.832,-0.0982,-10.557%,76469683.0,United States,2020.0,80623,Technology,Computer Software: Programming Data Processing
STEM,Stem Inc. Class A Common Stock,$0.8337,-0.2963,-26.221%,135688038.0,United States,2020.0,20319854,Miscellaneous,Industrial Machinery/Components
STEP,StepStone Group Inc. Class A Common Stock,$60.69,1.71,2.899%,6989259524.0,United States,2020.0,407439,Finance,Investment Managers
STI,Solidion Technology Inc. Common Stock,$0.5052,-0.0781,-13.389%,62268372.0,United States,2022.0,3060923,Miscellaneous,Industrial Machinery/Components
STR,Sitio Royalties Corp. Class A Common Stock,$20.42,0.39,1.947%,3122530099.0,United States,2022.0,579553,Energy,Oil & Gas Production
STRW,Strawberry Fields REIT Inc. Common Stock,$11.06,0.18,1.654%,82740026.0,,2023.0,237513,Real Estate,Real Estate Investment Trusts
STTK,Shattuck Labs Inc. Common Stock,$1.23,-0.04,-3.15%,58719841.0,United States,2020.0,96773,Health Care,Biotechnology: Pharmaceutical Preparations
SVCO,Silvaco Group Inc. Common Stock,$7.86,-0.56,-6.651%,223719770.0,United States,2024.0,94236,Technology,Computer Software: Prepackaged Software
SVV,Savers Value Village Inc. Common Stock,$9.37,0.04,0.429%,1498348061.0,United States,2023.0,849461,Consumer Discretionary,Other Specialty Stores
SWIM,Latham Group Inc. Common Stock,$6.52,-0.04,-0.61%,753872229.0,United States,2021.0,500419,Industrials,Plastic Products
SYM,Symbotic Inc. Class A Common Stock,$26.45,0.86,3.361%,15537240221.0,United States,2021.0,1832485,Industrials,Industrial Machinery/Components
TALK,Talkspace Inc. Common Stock,$3.07,-0.08,-2.54%,518592962.0,United States,2020.0,871478,Health Care,Medical/Nursing Services
TARS,Tarsus Pharmaceuticals Inc. Common Stock,$55.24,0.16,0.29%,2111655558.0,United States,2020.0,872557,Health Care,Biotechnology: Biological Products (No Diagnostic Substances)
TASK,TaskUs Inc. Class A Common Stock,$15.57,0.56,3.731%,1390518709.0,United States,2021.0,505930,Technology,EDP Services
TBLD,Thornburg Income Builder Opportunities Trust Common Stock,$16.41,0.11,0.675%,526463700.0,United States,2021.0,79486,Finance,Investment Managers
TCBX,Third Coast Bancshares Inc. Common Stock,$32.27,-0.03,-0.093%,441424686.0,United States,2021.0,67642,Finance,Banks
TCRX,TScan Therapeutics Inc. Common Stock,$2.85,-0.16,-5.316%,152106193.0,United States,2021.0,371938,Health Care,Biotechnology: Biological Products (No Diagnostic Substances)
TDUP,ThredUp Inc. Class A Common Stock,$1.34,-0.05,-3.597%,152435205.0,United States,2021.0,270284,Consumer Discretionary,Catalog/Specialty Distribution
TELO,Telomir Pharmaceuticals Inc. Common Stock,$4.30,-0.25,-5.495%,127322200.0,United States,2024.0,91319,Health Care,Biotechnology: Pharmaceutical Preparations
TEM,Tempus AI Inc. Class A Common Stock,$37.49,-1.385,-3.563%,5902638656.0,United States,2024.0,2974545,Technology,Computer Software: Programming Data Processing
TERN,Terns Pharmaceuticals Inc. Common Stock,$5.245,-0.385,-6.838%,445504294.0,United States,2021.0,1056446,Health Care,Biotechnology: Pharmaceutical Preparations
THRD,Third Harmonic Bio Inc. Common Stock,$10.79,-0.17,-1.551%,486180276.0,United States,2022.0,237522,Health Care,Biotechnology: Pharmaceutical Preparations
TIL,Instil Bio Inc. Common Stock,$22.00,-1.37,-5.862%,143569514.0,United States,2021.0,173653,Health Care,Biotechnology: Biological Products (No Diagnostic Substances)
TKNO,Alpha Teknova Inc. Common Stock,$8.40,-0.61,-6.77%,447784588.0,United States,2021.0,270199,Health Care,Biotechnology: In Vitro & In Vivo Diagnostic Substances
TKO,TKO Group Holdings Inc. Class A Common Stock,$142.34,0.53,0.374%,24306916705.0,United States,2023.0,974312,Consumer Discretionary,Services-Misc. Amusement & Recreation
TLS,Telos Corporation Common Stock,$3.17,-0.02,-0.627%,229446531.0,United States,2020.0,383115,Technology,EDP Services
TLSI,TriSalus Life Sciences Inc. Common Stock,$4.78,-0.37,-7.184%,145757195.0,United States,2021.0,27585,Health Care,Medical Specialities
TMCI,Treace Medical Concepts Inc. Common Stock,$7.57,-0.08,-1.046%,471588880.0,United States,2021.0,235473,Health Care,Medical/Dental Instruments
TNYA,Tenaya Therapeutics Inc. Common Stock,$1.42,-0.07,-4.698%,112493133.0,United States,2021.0,2300870,Health Care,Biotechnology: Biological Products (No Diagnostic Substances)
TOST,Toast Inc. Class A Common Stock,$37.21,-0.22,-0.588%,21135280000.0,United States,2021.0,3569792,Technology,EDP Services
TPG,TPG Inc. Class A Common Stock,$65.08,0.78,1.213%,23752108134.0,United States,2022.0,814342,Finance,Investment Managers
TRDA,Entrada Therapeutics Inc. Common Stock,$16.22,-1.03,-5.971%,606951995.0,United States,2021.0,114243,Health Care,Biotechnology: Pharmaceutical Preparations
TRIN,Trinity Capital Inc. Common Stock,$14.28,-0.22,-1.517%,841175010.0,United States,2021.0,459342,Finance,Finance: Consumer Services
TRML,Tourmaline Bio Inc. Common Stock,$20.00,-0.19,-0.941%,512852200.0,United States,2021.0,136448,Health Care,Biotechnology: Biological Products (No Diagnostic Substances)
TSHA,Taysha Gene Therapies Inc. Common Stock,$1.93,0.05,2.66%,395540581.0,United States,2020.0,1707022,Health Care,Biotechnology: Biological Products (No Diagnostic Substances)
TTAN,ServiceTitan Inc. Class A Common Stock,$99.80,-1.2,-1.188%,9027741633.0,United States,2024.0,431216,Technology,Computer Software: Prepackaged Software
TVGN,Tevogen Bio Holdings Inc. Common Stock,$1.29,-0.23,-15.132%,225816109.0,United States,2022.0,2785663,Health Care,Biotechnology: Biological Products (No Diagnostic Substances)
TWFG,TWFG Inc. Class A Common Stock,$27.12,-1.05,-3.727%,1518268045.0,United States,2024.0,153451,Finance,Specialty Insurers
TYGO,Tigo Energy Inc. Common Stock,$0.89,-0.1002,-10.119%,54061414.0,United States,2021.0,370523,Technology,Semiconductors
TYRA,Tyra Biosciences Inc. Common Stock,$15.97,0.02,0.125%,808129766.0,United States,2021.0,287343,Health Care,Biotechnology: Pharmaceutical Preparations
U,Unity Software Inc. Common Stock,$22.95,-0.13,-0.563%,9245180226.0,United States,2020.0,8278233,Technology,Computer Software: Prepackaged Software
UCB,United Community Banks Inc. Common Stock,$31.12,-0.33,-1.049%,3712205403.0,United States,2024.0,504064,Finance,Major Banks
UDMY,Udemy Inc. Common Stock,$8.66,0.08,0.932%,1263506271.0,United States,2021.0,856347,Real Estate,Other Consumer Services
UHAL,U-Haul Holding Company Common Stock,$68.37,-0.9,-1.299%,13405844656.0,United States,2022.0,166831,Consumer Discretionary,Rental/Leasing Companies
UHG,United Homes Group Inc Class A Common Stock,$3.85,-0.23,-5.637%,186374827.0,United States,2021.0,55872,Consumer Discretionary,Homebuilding
ULCC,Frontier Group Holdings Inc. Common Stock,$8.16,-0.16,-1.923%,1839038058.0,United States,2021.0,2422682,Consumer Discretionary,Air Freight/Delivery Services
ULS,UL Solutions Inc. Class A Common Stock,$49.39,-0.61,-1.22%,9883816562.0,United States,2024.0,727227,Health Care,Precision Instruments
UMAC,Unusual Machines Inc. Common Stock,$12.38,-2.3,-15.668%,102759942.0,,2024.0,2415263,Technology,Radio And Television Broadcasting And Communications Equipment
UNCY,Unicycive Therapeutics Inc. Common Stock,$0.7449,-0.0329,-4.23%,84412543.0,United States,2021.0,1647182,Health Care,Biotechnology: Pharmaceutical Preparations
UP,Wheels Up Experience Inc. Class A Common Stock,$1.59,-0.1,-5.917%,1109520546.0,Singapore,2020.0,2152464,Consumer Discretionary,Transportation Services
UPB,Upstream Bio Inc. Common Stock,$16.19,0.02,0.124%,867728970.0,United States,2024.0,122639,Health Care,Biotechnology: Pharmaceutical Preparations
USCB,USCB Financial Holdings Inc. Class A Common Stock,$17.06,-0.2,-1.159%,338481182.0,United States,2021.0,21011,Finance,Major Banks
VEEA,Veea Inc. Common Stock,$3.67,-0.09,-2.394%,130970398.0,United States,2021.0,32039,Finance,Blank Checks
VEL,Velocity Financial Inc. Common Stock,$18.89,-0.1,-0.527%,625539422.0,United States,2020.0,48109,Finance,Finance: Consumer Services
VENU,Venu Holding Corporation Common Stock,$9.58,-0.195,-1.995%,358906777.0,,2024.0,24903,Consumer Discretionary,Services-Misc. Amusement & Recreation
VERA,Vera Therapeutics Inc. Class A Common Stock,$42.19,0.09,0.214%,2671599606.0,United States,2021.0,403106,Health Care,Biotechnology: Pharmaceutical Preparations
VERV,Verve Therapeutics Inc. Common Stock,$6.01,-0.41,-6.386%,508829678.0,United States,2021.0,1076032,Health Care,Biotechnology: Pharmaceutical Preparations
VERX,Vertex Inc. Class A Common Stock,$52.93,0.63,1.205%,8254960683.0,United States,2020.0,1027876,Technology,Computer Software: Prepackaged Software
VGAS,Verde Clean Fuels Inc. Class A Common Stock,$3.73,-0.02,-0.533%,119545086.0,United States,2021.0,9912,Industrials,Major Chemicals
VIGL,Vigil Neuroscience Inc. Common Stock,$1.84,-0.09,-4.663%,75218252.0,United States,2022.0,203811,Health Care,Biotechnology: Biological Products (No Diagnostic Substances)
VITL,Vital Farms Inc. Common Stock,$39.38,1.78,4.734%,1724436299.0,United States,2020.0,772574,Consumer Staples,Packaged Foods
VLTO,Veralto Corp Common Stock ,$102.00,0.35,0.344%,25225393050.0,United States,2023.0,1034732,Industrials,Electrical Products
VNT,Vontier Corporation Common Stock ,$36.12,-0.51,-1.392%,5425224000.0,United States,2020.0,577116,Industrials,Industrial Machinery/Components
VOR,Vor Biopharma Inc. Common Stock,$1.63,-0.03,-1.807%,111937988.0,United States,2021.0,764850,Health Care,Biotechnology: Biological Products (No Diagnostic Substances)
VSCO,Victorias Secret & Co. Common Stock ,$38.49,-0.65,-1.661%,3026144999.0,United States,2021.0,1452943,Consumer Discretionary,Clothing/Shoe/Accessory Stores
VSTS,Vestis Corporation Common Stock,$16.34,-0.11,-0.669%,2149200935.0,United States,2023.0,1566251,,
VTS,Vitesse Energy Inc. Common Stock,$26.25,-0.23,-0.869%,775518844.0,United States,2023.0,138747,Energy,Oil & Gas Production
VTYX,Ventyx Biosciences Inc. Common Stock,$2.25,-0.27,-10.714%,159099001.0,United States,2021.0,5400543,Health Care,Biotechnology: Pharmaceutical Preparations
WAY,Waystar Holding Corp. Common Stock,$37.51,0.01,0.027%,6454950699.0,United States,2024.0,816043,Technology,EDP Services
WEAV,Weave Communications Inc. Common Stock,$15.80,-0.12,-0.754%,1149783475.0,United States,2021.0,405665,Technology,Computer Software: Prepackaged Software
WGS,GeneDx Holdings Corp. Class A Common Stock,$96.57,-0.47,-0.484%,2652912808.0,United States,2020.0,751270,Technology,Retail: Computer Software & Peripheral Equipment
WMG,Warner Music Group Corp. Class A Common Stock,$29.30,-1.73,-5.575%,15177236828.0,United States,2020.0,4401054,Consumer Discretionary,Services-Misc. Amusement & Recreation
WMPN,William Penn Bancorporation Common Stock,$11.70,0.0,0.00%,107736139.0,United States,2021.0,14484,Finance,Banks
WOOF,Petco Health and Wellness Company Inc. Class A Common Stock,$4.01,-0.15,-3.606%,1256926600.0,United States,2021.0,3709901,Consumer Discretionary,Other Specialty Stores
WRBY,Warby Parker Inc. Class A Common Stock,$26.61,0.09,0.339%,3202165468.0,United States,2021.0,1599046,Health Care,Ophthalmic Goods
WT,WisdomTree Inc. Common Stock,$9.62,-0.15,-1.535%,1405517171.0,United States,2022.0,1945117,Finance,Investment Bankers/Brokers/Service
XMTR,Xometry Inc. Class A Common Stock,$36.54,-2.43,-6.236%,1811077074.0,United States,2021.0,967418,Consumer Discretionary,Business Services
XPER,Xperi Inc. Common Stock ,$9.93,-0.36,-3.499%,445164075.0,United States,2022.0,252513,Technology,Computer Software: Prepackaged Software
XPOF,Xponential Fitness Inc. Class A Common Stock,$14.68,0.38,2.657%,709088040.0,United States,2021.0,456396,Consumer Discretionary,Services-Misc. Amusement & Recreation
YOU,Clear Secure Inc. Class A Common Stock,$27.16,0.22,0.817%,3786229099.0,United States,2021.0,860715,Technology,Computer Software: Prepackaged Software
ZBIO,Zenas BioPharma Inc. Common Stock,$9.28,-0.49,-5.015%,387820823.0,United States,2024.0,204722,Health Care,Biotechnology: Pharmaceutical Preparations
ZENV,Zenvia Inc. Class A Common Stock,$2.59,-0.31,-10.69%,108480777.0,Brazil,2021.0,216523,Technology,Computer Software: Prepackaged Software
ZEO,Zeo Energy Corporation Class A Common Stock,$2.35,0.0,0.00%,96433061.0,United States,2021.0,75583,Miscellaneous,Industrial Machinery/Components
ZETA,Zeta Global Holdings Corp. Class A Common Stock,$18.48,0.3,1.65%,4388038319.0,United States,2021.0,4163619,Technology,Computer Software: Prepackaged Software
ZI,ZoomInfo Technologies Inc Common Stock,$9.61,-0.53,-5.227%,3299773736.0,United States,2020.0,13404110,Technology,Computer Software: Prepackaged Software
ZIP,ZipRecruiter Inc. Class A Common Stock,$6.81,-0.23,-3.267%,665349694.0,United States,2021.0,295152,Technology,Computer Software: Programming Data Processing
ZNTL,Zentalis Pharmaceuticals Inc. Common Stock,$2.78,-0.21,-7.023%,198117812.0,United States,2020.0,1604526,Health Care,Biotechnology: Pharmaceutical Preparations
ZVIA,Zevia PBC Class A Common Stock,$4.24,-0.35,-7.625%,309579703.0,United States,2021.0,1238887,Consumer Staples,Beverages (Production/Distribution)
